"","Date","Defensive_buy_hold_portfolio_Return","Aggressive_buy_hold_portfolio_Return"
"1",2014-09-03,0.00361055909917107,0.000786847207690844
"2",2014-09-04,-0.00517870798698084,-0.00327935879238528
"3",2014-09-05,0.0110653681609405,0.00271792082377509
"4",2014-09-08,-0.00412416021904916,-0.00459065958791571
"5",2014-09-09,-0.0081564056547796,-0.0108266202015268
"6",2014-09-10,-0.00185647364662578,0.00187454359010331
"7",2014-09-11,0.00456594381264486,0.00219977347725142
"8",2014-09-12,-0.0154432104719511,-0.00758134391266707
"9",2014-09-15,0.0000185168504414079,-0.00903584122950796
"10",2014-09-16,0.0100901563861806,0.00491971290811755
"11",2014-09-17,-0.0023549631446087,0.000367466173955222
"12",2014-09-18,-0.00364168534197262,0.00657013406509765
"13",2014-09-19,0.00223525059849861,-0.00772739621499496
"14",2014-09-22,-0.00861275847191134,-0.0161492297657109
"15",2014-09-23,-0.00560133438038313,-0.00513636967333941
"16",2014-09-24,0.00203394708584659,0.00883227306451961
"17",2014-09-25,-0.00621770981918945,-0.0177439723040389
"18",2014-09-26,0.00436203973393101,0.00949154766941285
"19",2014-09-29,0.00188394208751075,-0.00194054656050302
"20",2014-09-30,0.000258736651362446,-0.00546379800531427
"21",2014-10-01,0.000163983012482882,-0.0215056905032921
"22",2014-10-02,0.00249024797179387,0.00280826830814052
"23",2014-10-03,0.00434273885507186,0.00417993892011581
"24",2014-10-06,0.000110308179885665,-0.00646300913638276
"25",2014-10-07,-0.00365070288784042,-0.024181456589089
"26",2014-10-08,0.0230872502660195,0.0131211777099356
"27",2014-10-09,-0.00865525713722903,-0.0378512683579248
"28",2014-10-10,0.00457897180811551,-0.0303274187433066
"29",2014-10-13,0.00185156383869045,-0.0247158636342778
"30",2014-10-14,0.0159630299125029,-0.000873733325090109
"31",2014-10-15,-0.00370768558555346,-0.00591206821683454
"32",2014-10-16,-0.0066585236147213,0.017056162645503
"33",2014-10-17,0.000469769403229403,0.014419314730024
"34",2014-10-20,0.016492831022761,0.008566031111229
"35",2014-10-21,0.00647347606756021,0.0305788397763018
"36",2014-10-22,-0.000173606614728317,-0.0174501421697021
"37",2014-10-23,0.000111801172195447,0.0167391155708261
"38",2014-10-24,0.00575371170975436,0.00578497780196541
"39",2014-10-27,0.00385206859532694,-0.00596062093797245
"40",2014-10-28,0.00520331059188583,0.0193705087417189
"41",2014-10-29,-0.00528462764905302,0.00463024687332636
"42",2014-10-30,0.0123096104137743,-0.00378116731467193
"43",2014-10-31,0.00207360848533189,0.0234075535848466
"44",2014-11-03,0.00793352927529067,-0.00034419849446865
"45",2014-11-04,-0.0013329146212715,-0.00879044429292153
"46",2014-11-05,0.00840416532335908,0.0085205362247871
"47",2014-11-06,-0.0107726756446341,0.00414125657620867
"48",2014-11-07,0.00640713767698431,0.000637974828220367
"49",2014-11-10,0.002937975161037,-0.00302209120714936
"50",2014-11-11,0.00118204624305007,0.00144006396239771
"51",2014-11-12,-0.0109805539132163,-0.000722831727518747
"52",2014-11-13,-0.00356743372227153,-0.00566526146015078
"53",2014-11-14,-0.00344167866186929,0.00355645488819589
"54",2014-11-17,0.00649996585282375,-0.00456707815542534
"55",2014-11-18,0.00317292460934127,0.00694551078045436
"56",2014-11-19,-0.00385931076494728,-0.000957316744054526
"57",2014-11-20,-0.00177852647742893,0.00978310404753957
"58",2014-11-21,0.00253751938971214,0.0137182534447038
"59",2014-11-24,-0.00328148796097405,0.00371653407907413
"60",2014-11-25,-0.00120657043033834,-0.00513974227750613
"61",2014-11-26,0.00689954170754215,0.000151214514930276
"62",2014-11-28,0.00952117557350718,-0.0258945153297468
"63",2014-12-01,0.00225427553300772,-0.0152752320360383
"64",2014-12-02,0.00457867245422383,0.0090633673703322
"65",2014-12-03,0.00191111896775253,0.0166007763361997
"66",2014-12-04,0.00076609660422311,-0.0076554456705108
"67",2014-12-05,-0.00474530148956764,0.00351147734447954
"68",2014-12-08,0.00749828658716867,-0.0212224094560418
"69",2014-12-09,0.00398933134619917,0.00448036488396375
"70",2014-12-10,-0.00696285367122906,-0.0293725968544032
"71",2014-12-11,0.00774153996497118,-0.00101786028347151
"72",2014-12-12,-0.0100710336448374,-0.0214300246811274
"73",2014-12-15,-0.00902985000018897,-0.0101424364601583
"74",2014-12-16,-0.00236913437317876,-0.0070358909251439
"75",2014-12-17,0.0171029252889663,0.025893395765014
"76",2014-12-18,0.0191675969965248,0.0265986482404268
"77",2014-12-19,0.00132463686448969,0.0144273444488352
"78",2014-12-22,0.00497516997296144,0.00113373034716435
"79",2014-12-23,0.00339963768647067,0.00812868570631409
"80",2014-12-24,0.00929490294258684,-0.00364434782445944
"81",2014-12-26,0.00645515221201465,0.00122248063930464
"82",2014-12-29,0.00751954777155217,0.00325771084478732
"83",2014-12-30,-0.0135148296369123,-0.00486259514364262
"84",2014-12-31,-0.0159807087575063,-0.0103806537042355
"85",2015-01-02,0.00423930800123529,-0.000802288247051863
"86",2015-01-05,-0.00456807963785566,-0.03042019743433
"87",2015-01-06,0.00567572758743773,-0.0160431405570579
"88",2015-01-07,0.013923761666824,0.00697838200316991
"89",2015-01-08,0.00803365486982299,0.0236443782587934
"90",2015-01-09,-0.00336720599009688,-0.00382650104154614
"91",2015-01-12,-0.00156565660576924,-0.0197415533840914
"92",2015-01-13,0.00226412207548199,-0.00780183635332365
"93",2015-01-14,0.00607608763016332,-0.0123559341061724
"94",2015-01-15,0.00823862094203309,-0.0168057134688523
"95",2015-01-16,0.0133382116453395,0.0102701850740354
"96",2015-01-20,0.00461915533715573,-0.00200871956928472
"97",2015-01-21,0.00322637398433545,0.0149962306026263
"98",2015-01-22,0.00660441479834684,0.0153961450357685
"99",2015-01-23,-0.00185931789638605,-0.00128021831212122
"100",2015-01-26,0.00364174235275461,0.0105758054831158
"101",2015-01-27,-0.000439931028317075,-0.0158645578185391
"102",2015-01-28,-0.00819688758016157,-0.0250473326735113
"103",2015-01-29,0.00899018164046295,0.00931160929563957
"104",2015-01-30,-0.0169837923344803,-0.0183241838411119
"105",2015-02-02,0.00276938981064534,0.0244437967647904
"106",2015-02-03,0.000849293586822952,0.0257349188432221
"107",2015-02-04,-0.0022676482186732,-0.000425821906506085
"108",2015-02-05,0.00882671418655456,0.0195122701717101
"109",2015-02-06,-0.028654570869844,0.002776822877397
"110",2015-02-09,-0.00808628495043628,0.00215062703309954
"111",2015-02-10,0.0124696430894886,0.0086842318085365
"112",2015-02-11,-0.00912237220196965,0.000552050898666501
"113",2015-02-12,0.00195122816417559,0.0210912562625312
"114",2015-02-13,-0.00690810330229474,0.0108860816794283
"115",2015-02-17,-0.00263038057186404,0.00518359545565761
"116",2015-02-18,0.0173171805577172,-0.0073009297343698
"117",2015-02-19,-0.0109587353085623,0.00116050420004288
"118",2015-02-20,0.00533066103612923,0.00679095207565394
"119",2015-02-23,0.00706611961868631,-0.000137659796161427
"120",2015-02-24,-0.00133422932725613,-0.000772598042344086
"121",2015-02-25,-0.00750379856207473,-0.00053508874046948
"122",2015-02-26,-0.00691414853219308,-0.00551124591804175
"123",2015-02-27,-0.00088960634463997,-0.000788547042727572
"124",2015-03-02,-0.00875582729899516,0.00841108876180119
"125",2015-03-03,0.000917541361974639,-0.00805016089896238
"126",2015-03-04,-0.00403007744885142,-0.00470127040803969
"127",2015-03-05,0.007619931804417,-0.0014141772315398
"128",2015-03-06,-0.0306095792262067,-0.0163141462807826
"129",2015-03-09,0.00370539792083191,-0.0019266168462897
"130",2015-03-10,-0.00586390714478424,-0.0210908615971901
"131",2015-03-11,-0.00179475991439171,-0.000736398927555615
"132",2015-03-12,0.0140579102171057,0.00663087169560517
"133",2015-03-13,-0.00765634290002615,-0.00609909089105187
"134",2015-03-16,0.0124348905454785,0.00911733688910688
"135",2015-03-17,-0.00340365060449743,-0.00654238553833042
"136",2015-03-18,0.0173488970966673,0.00778078457078668
"137",2015-03-19,-0.00346570306140259,-0.00417524795604651
"138",2015-03-20,0.0121349660060073,0.00903755078930546
"139",2015-03-23,0.000217419835041754,-0.00876805495387156
"140",2015-03-24,-0.0107243251198162,-0.00772090293270367
"141",2015-03-25,-0.011043848744866,-0.0196624468858222
"142",2015-03-26,-0.00514179859302011,0.000868756320420383
"143",2015-03-27,0.00602269328248184,-0.00248469070778046
"144",2015-03-30,0.0108528409994073,0.0175685409011943
"145",2015-03-31,-0.00705453069131923,-0.0100239662023452
"146",2015-04-01,0.00263688245828786,-0.00116152538206649
"147",2015-04-02,0.00222793993537285,0.00741917004121828
"148",2015-04-06,0.00765348863036008,0.0129320971265738
"149",2015-04-07,-0.0080370553491742,-0.00219948914491774
"150",2015-04-08,-0.000267316995750111,0.00303327035972201
"151",2015-04-09,-0.00515742919593998,0.011039451995658
"152",2015-04-10,0.00537208185505023,0.00810518777152813
"153",2015-04-13,-0.00672595676130883,-0.00262859565468354
"154",2015-04-14,0.00803629895933566,-0.0011548089595822
"155",2015-04-15,-0.00257106126402584,0.01692295207473
"156",2015-04-16,-0.000925214547095488,-0.00111163277058668
"157",2015-04-17,-0.00653853856865916,-0.0133902433201397
"158",2015-04-20,0.00648794124680507,0.00863855531039759
"159",2015-04-21,-0.00428183228524792,-0.00729876985954914
"160",2015-04-22,-0.000414577503737967,0.00597088281092839
"161",2015-04-23,0.0025382624224044,-0.000146550346574514
"162",2015-04-24,0.00618372694965341,-0.00245648289294587
"163",2015-04-27,-0.00735129257131384,-0.00286885242230495
"164",2015-04-28,0.00651244570757403,0.00421211004690791
"165",2015-04-29,-0.00841071338009791,-0.00461902537044723
"166",2015-04-30,-0.0114820528462468,-0.0116874748745436
"167",2015-05-01,0.00421400653577986,0.0102198918448619
"168",2015-05-04,0.00404212204208831,0.00688375014893272
"169",2015-05-05,-0.017196364056925,-0.0138095606531349
"170",2015-05-06,-0.00250560540295486,-0.00238409276553941
"171",2015-05-07,0.00832876357462897,-0.00361605229011974
"172",2015-05-08,0.00731848117663247,0.00762842735412828
"173",2015-05-11,-0.00254097663938724,-0.00644811499764053
"174",2015-05-12,0.000430004497770309,-0.00186697953246251
"175",2015-05-13,-0.00625591570615935,0.00298391703547241
"176",2015-05-14,0.0154412682875908,0.00614658884577235
"177",2015-05-15,0.00814944106984949,-0.00404605420581849
"178",2015-05-18,0.000730590315861646,0.00512638110764785
"179",2015-05-19,-0.000901811695044108,-0.0103000946710379
"180",2015-05-20,0.00342154438863207,0.00272415505193213
"181",2015-05-21,-0.00405592329137638,0.00435551848407822
"182",2015-05-22,-0.00189695344676055,-0.00407840524826919
"183",2015-05-26,-0.00622071065933372,-0.0149723387609888
"184",2015-05-27,0.00878041678651642,0.0114753232707039
"185",2015-05-28,-0.000146578615260018,-0.00296665828647169
"186",2015-05-29,-0.00410504476477513,-0.0102004422653964
"187",2015-06-01,0.00103545246779113,0.000423594358135881
"188",2015-06-02,-0.0114986555957943,0.00645214145851369
"189",2015-06-03,-0.0104144668075741,0.00409862716410347
"190",2015-06-04,-0.00370027168436371,-0.0074348377081308
"191",2015-06-05,-0.0130193811882292,0.00644860491322707
"192",2015-06-08,-0.00108291028827068,-0.0153573426731217
"193",2015-06-09,-0.00515420243329867,-0.00139971168486086
"194",2015-06-10,0.0028471431540642,0.0143985532866853
"195",2015-06-11,0.00666973021130213,0.000627231099304737
"196",2015-06-12,-0.00521710203873871,-0.0088190091989071
"197",2015-06-15,-0.00196320030504626,-0.0080015650836488
"198",2015-06-16,0.00584877085732627,0.00591224544543789
"199",2015-06-17,0.00749662249588368,0.000192507922981644
"200",2015-06-18,0.0112980149268462,0.00486710611118291
"201",2015-06-19,-0.00572467621909711,-0.00336943693842984
"202",2015-06-22,-0.000518605413819206,0.0060481478244403
"203",2015-06-23,-0.00727986738345587,0.000457181970112686
"204",2015-06-24,-0.00608928520926055,-0.0122238735951122
"205",2015-06-25,-0.00327907289552221,-0.00923480306200009
"206",2015-06-26,0.00469266729914231,-0.00975839921880528
"207",2015-06-29,-0.0127294605163346,-0.0313700495557705
"208",2015-06-30,0.00197118934881124,0.00448571907532203
"209",2015-07-01,0.0112429061809294,0.00120816555085956
"210",2015-07-02,0.00980118445483136,0.000532620462167177
"211",2015-07-06,0.00410086755121974,-0.0119644240237281
"212",2015-07-07,0.0172617961812414,-0.00149991275304751
"213",2015-07-08,-0.00238679750729931,-0.0306168051139202
"214",2015-07-09,-0.00386632604296688,0.0031270742620424
"215",2015-07-10,0.00965340873375475,0.0066655237913642
"216",2015-07-13,-0.000849195300536509,0.00896523275894356
"217",2015-07-14,-0.000784866989858246,0.0104146703322032
"218",2015-07-15,0.000197889539740315,-0.0100869618907754
"219",2015-07-16,0.0111669165358257,-0.00101462446161227
"220",2015-07-17,-0.00959681927859246,-0.00976092267859308
"221",2015-07-20,-0.00445449011166743,-0.00959407451562966
"222",2015-07-21,-0.00521128377520463,-0.00175507140770637
"223",2015-07-22,0.00338420932265882,-0.00735823696118854
"224",2015-07-23,-0.00962360459953471,-0.0058850539523948
"225",2015-07-24,0.000444703134991009,-0.025750459718999
"226",2015-07-27,0.0069775823666669,-0.0154102027488596
"227",2015-07-28,0.00489004941336701,0.0273092966024135
"228",2015-07-29,0.00414945906586883,0.0160756912616908
"229",2015-07-30,0.00624647607896378,0.00117441191030077
"230",2015-07-31,0.00583940202685862,-0.00818610846791401
"231",2015-08-03,0.00323455023194308,0.00124851714567531
"232",2015-08-04,-0.00569856325472295,-0.00114778802884641
"233",2015-08-05,0.00511354020204036,-0.000506827446184688
"234",2015-08-06,0.00314747085660816,-0.00481499659335294
"235",2015-08-07,0.00541935206524347,0.00295144757667498
"236",2015-08-10,0.000528332415572264,0.0214472003680246
"237",2015-08-11,0.00336688583533218,-0.0212749077851603
"238",2015-08-12,0.00998299912752021,-0.00399170350021716
"239",2015-08-13,-0.00120050013141648,-0.0106743281725528
"240",2015-08-14,0.00838326683024126,0.00219732278634277
"241",2015-08-17,0.00512638283300504,0.0053975323779476
"242",2015-08-18,-0.00147308275146474,-0.00538524991144751
"243",2015-08-19,0.00212641531006486,-0.0166266255909902
"244",2015-08-20,-0.00366161423512235,-0.0334905158171677
"245",2015-08-21,-0.01490852078103,-0.0281096140223902
"246",2015-08-24,-0.04124650371599,-0.0452541728806176
"247",2015-08-25,-0.0244147953364539,-0.017747530728048
"248",2015-08-26,0.0216205462630275,0.034914813153736
"249",2015-08-27,0.0158693339707199,0.0392061121529581
"250",2015-08-28,-0.000385389421063809,0.00473696756637243
"251",2015-08-31,-0.0129774844422765,-0.00288129734815668
"252",2015-09-01,-0.0183486120421045,-0.0400125219855828
"253",2015-09-02,0.0106556414168459,0.0169940299481357
"254",2015-09-03,0.00486922996326555,0.00366389635982078
"255",2015-09-04,-0.0145416816435633,-0.0158938687791911
"256",2015-09-08,0.0199681086951669,0.0293659486516475
"257",2015-09-09,-0.01171150491345,-0.0145140719775587
"258",2015-09-10,0.00167434380005127,0.00169908211097369
"259",2015-09-11,0.0114849496407494,0.00238816545343701
"260",2015-09-14,-0.000793617839116689,-0.00737478976310579
"261",2015-09-15,0.00703906506240037,0.00962198259364344
"262",2015-09-16,0.00992850094850373,0.016408603267527
"263",2015-09-17,0.00750679921056552,-0.00675335501083374
"264",2015-09-18,-0.00286307144363784,-0.0260051957132399
"265",2015-09-21,0.00634996472285554,0.00229434425955199
"266",2015-09-22,-0.0107170822809906,-0.0233954488382606
"267",2015-09-23,0.00635493133868525,-0.0110581088636623
"268",2015-09-24,0.00531298557972271,-0.00167924190764113
"269",2015-09-25,0.0101755358337123,0.00126336678823868
"270",2015-09-28,-0.0122574345472499,-0.0365898530214009
"271",2015-09-29,0.000951651717704616,0.0114174258838062
"272",2015-09-30,0.0138106746090707,0.0291071233456288
"273",2015-10-01,-0.00700457814642319,-0.00222006652804341
"274",2015-10-02,0.0110387283959001,0.024969995636851
"275",2015-10-05,0.0124898175735173,0.0283325218845678
"276",2015-10-06,-0.0125583216363806,0.00926153598341539
"277",2015-10-07,0.00113082001498821,0.0189554993007544
"278",2015-10-08,0.0117664599870204,0.0160878727777158
"279",2015-10-09,-0.00287592060727593,0.00295984404947935
"280",2015-10-12,0.00945308444053716,-0.00864585366706916
"281",2015-10-13,-0.0061404793969414,-0.0114819105406576
"282",2015-10-14,-0.00232628493174958,0.0034380422698892
"283",2015-10-15,0.0114228162957994,0.0145214225944579
"284",2015-10-16,0.00295431466851803,-0.00311854374032627
"285",2015-10-19,0.00321609748282592,-0.00564844776492679
"286",2015-10-20,0.00206676454828369,-0.00315949546112781
"287",2015-10-21,-0.00817957023908822,-0.0142084958193402
"288",2015-10-22,0.0163088988343787,0.0184271302748462
"289",2015-10-23,-0.00847467600551732,0.0227168046001789
"290",2015-10-26,0.00300517297421776,-0.0103062561497279
"291",2015-10-27,-0.00213313574906315,-0.00796275940604196
"292",2015-10-28,-0.00513393473914581,0.0241516325091353
"293",2015-10-29,-0.00352393013475805,-0.0207555595169818
"294",2015-10-30,-0.00377383181267221,0.00799175761847959
"295",2015-11-02,0.00448750124108455,0.0207776615464128
"296",2015-11-03,-0.00169339588823858,0.0101537838077328
"297",2015-11-04,-0.00142928905273609,-0.00425800732513348
"298",2015-11-05,-0.00225247630561987,0.00549330253927072
"299",2015-11-06,-0.0279406550677026,0.018735164302067
"300",2015-11-09,-0.00122689895664463,-0.00543395942036684
"301",2015-11-10,0.0112599645492184,-0.00731364144561952
"302",2015-11-11,0.00901919424131403,-0.0112629463237535
"303",2015-11-12,-0.0108454238039547,-0.019487860124059
"304",2015-11-13,-0.00587280621720565,-0.015586044533403
"305",2015-11-16,0.0166132403023584,0.018934018715755
"306",2015-11-17,-0.0063557388882538,-0.00054932369398808
"307",2015-11-18,0.0119923467759675,0.0189068583995522
"308",2015-11-19,0.00660006902229315,-0.00160447690572108
"309",2015-11-20,0.00528328866609362,-0.000354444344302429
"310",2015-11-23,-0.00142734666480404,-0.000602513005272143
"311",2015-11-24,-0.000928872463290653,0.0111039323922593
"312",2015-11-25,0.00228976463832153,-0.000869342419398067
"313",2015-11-27,0.00639143327418057,-0.00324026341109673
"314",2015-11-30,-0.00162772542985956,0.010110007068743
"315",2015-12-01,0.00650683421481224,0.0119702566925703
"316",2015-12-02,-0.0144717384663335,-0.0166547260648605
"317",2015-12-03,-0.00557158538708336,-0.0158474023737316
"318",2015-12-04,0.023523870803897,0.0133189516725047
"319",2015-12-07,0.00508264482634302,-0.0193946645960006
"320",2015-12-08,-0.00214285535988934,-0.00826079447529415
"321",2015-12-09,-0.00923840542385612,-0.0100353666893369
"322",2015-12-10,-0.0123130707850332,0.00578337577304611
"323",2015-12-11,-0.00104764384661626,-0.0305297207785508
"324",2015-12-14,0.00994445531101418,-0.00708558717495755
"325",2015-12-15,0.00563397980321678,0.0192824846847353
"326",2015-12-16,0.0187011463077431,0.0117544099705791
"327",2015-12-17,-0.00570107877556969,-0.0215127831659091
"328",2015-12-18,-0.0120428955257804,-0.0136520015943383
"329",2015-12-21,0.00335195965749691,0.0126144419019458
"330",2015-12-22,0.00560912593210561,0.0134209555531051
"331",2015-12-23,0.00738015680407789,0.0229100692853419
"332",2015-12-24,0.00462171170568193,0.00216345335484491
"333",2015-12-28,0.00456065760724611,-0.00628207425200766
"334",2015-12-29,0.00654578320758814,0.00910405439527984
"335",2015-12-30,-0.00363739414553232,-0.0106483669953098
"336",2015-12-31,-0.0119409256836348,-0.00906307964720277
"337",2016-01-04,-0.00673321912539093,-0.01867823007447
"338",2016-01-05,0.00820668746413111,-0.00394452855539729
"339",2016-01-06,0.000234385742255094,-0.037527739920449
"340",2016-01-07,-0.00701342513096392,-0.044904569116092
"341",2016-01-08,-0.00465525550551027,-0.016056041269974
"342",2016-01-11,0.00568177191356134,-0.01242559431006
"343",2016-01-12,-0.0000606104266641649,0.00320530340338609
"344",2016-01-13,-0.0073569904957258,-0.0469980966638893
"345",2016-01-14,0.00715678364952277,0.00699882932500207
"346",2016-01-15,-0.00773558973599919,-0.0337156058382558
"347",2016-01-19,0.00953035282547798,-0.0132856626904233
"348",2016-01-20,-0.0167425046013554,-0.0113395677211878
"349",2016-01-21,-0.0050634758286725,0.0120325305666513
"350",2016-01-22,0.0196687553631429,0.0257623719484672
"351",2016-01-25,-0.00578488629527674,-0.0298707024488375
"352",2016-01-26,0.0153575146372187,0.0218291399252835
"353",2016-01-27,0.00123309071567879,-0.00535344634021706
"354",2016-01-28,0.0165774075293286,-0.0145127746718413
"355",2016-01-29,0.0209024549741788,0.0459802087305885
"356",2016-02-01,0.00848155037098763,-0.000324313873471427
"357",2016-02-02,0.00242868101450244,-0.0397823996413589
"358",2016-02-03,0.00252065447220584,0.0172253388739512
"359",2016-02-04,-0.0115648229566847,0.00618453572210509
"360",2016-02-05,-0.00687918283469369,-0.0400722677922196
"361",2016-02-08,0.00128866392206106,-0.046262635401863
"362",2016-02-09,0.00752252821490695,-0.00653415735429341
"363",2016-02-10,0.00208362839943321,-0.00650684298284321
"364",2016-02-11,-0.00319127706974487,-0.0202296731580778
"365",2016-02-12,0.000659479089858195,0.0253139167189564
"366",2016-02-16,0.00805504139721003,0.0318429599470074
"367",2016-02-17,0.00434329638291531,0.0300720826010172
"368",2016-02-18,0.00408932048120469,0.00404513139193696
"369",2016-02-19,0.00169202179617711,-0.00197721150376839
"370",2016-02-22,0.00361019691554665,0.0259701989719034
"371",2016-02-23,0.00730317007845982,-0.0224151010793419
"372",2016-02-24,0.000774561029866394,0.00340729116117333
"373",2016-02-25,0.0130274799405079,0.0113267273629805
"374",2016-02-26,-0.0202435573726745,0.0180908216432061
"375",2016-02-29,-0.00246369968043825,-0.00365294260340432
"376",2016-03-01,0.0015350672210781,0.0345247401200801
"377",2016-03-02,0.00911549516593846,0.0216312072101004
"378",2016-03-03,0.00277453369159586,0.019291673648185
"379",2016-03-04,0.00455603568142382,0.0103848412972354
"380",2016-03-07,-0.00356784389664966,0.0104592771059864
"381",2016-03-08,0.00869227537663875,-0.0359865874220501
"382",2016-03-09,0.00348116282396971,0.00463593898340897
"383",2016-03-10,0.00326280332589679,-0.00106333026964778
"384",2016-03-11,0.00397518204399749,0.0332858783480685
"385",2016-03-14,0.000848046319850582,0.000557839771021085
"386",2016-03-15,0.00436874121619923,-0.0132755619157168
"387",2016-03-16,0.00948058082989456,0.0205880760995056
"388",2016-03-17,0.00675032994490499,0.00802198661308906
"389",2016-03-18,-0.00779352375845488,0.0148077516899885
"390",2016-03-21,-0.00459223363113181,-0.000640220771104372
"391",2016-03-22,-0.00365688105183515,0.00297611655296515
"392",2016-03-23,0.00366666335030552,-0.0186570944838523
"393",2016-03-24,0.000568500902175861,0.00512222893597913
"394",2016-03-28,0.00353215246715366,0.00239131959813244
"395",2016-03-29,0.0163696035055276,0.0159066350591222
"396",2016-03-30,-0.00276528179240187,0.00499029523627592
"397",2016-03-31,0.00363203654549582,0.00279790317966433
"398",2016-04-01,0.0078517959065012,-0.00219959596924346
"399",2016-04-04,-0.00405678913318397,-0.0137430101657281
"400",2016-04-05,-0.0124613536672948,-0.0122415251113065
"401",2016-04-06,0.0037048414808285,0.0118821755094438
"402",2016-04-07,-0.00300560100226399,-0.0148712785161638
"403",2016-04-08,0.00335244119211464,0.0110600386107935
"404",2016-04-11,-0.00420549248069702,0.0047669292305168
"405",2016-04-12,0.00398127646202973,0.0103484430286787
"406",2016-04-13,-0.00739714571850203,0.0249656633635047
"407",2016-04-14,-0.00632989776706483,-0.00110515031943903
"408",2016-04-15,0.00664266858513951,-0.00332675913315306
"409",2016-04-18,0.00320989589394594,0.00791445498071974
"410",2016-04-19,0.000760992457984777,0.00402481936233223
"411",2016-04-20,-0.0183179919760179,0.00957320951534912
"412",2016-04-21,-0.0209136800774959,-0.00429802366974619
"413",2016-04-22,0.00593676438019575,0.0186602184783382
"414",2016-04-25,0.00418519200213008,-0.0144161777186753
"415",2016-04-26,0.000765401601181326,0.0178845679377948
"416",2016-04-27,0.00255594316324048,0.00871160493849144
"417",2016-04-28,0.00234888819757306,-0.0349814500198369
"418",2016-04-29,0.00163476846387778,-0.014915246358875
"419",2016-05-02,0.00987759661939092,0.0111761508998809
"420",2016-05-03,-0.00100547507485316,-0.0218810414874643
"421",2016-05-04,0.0102017289373706,-0.0211688157274249
"422",2016-05-05,-0.000796591802956881,-0.00203322966063268
"423",2016-05-06,0.00352438101867403,0.00454198379944004
"424",2016-05-09,0.00674076532735612,-0.00593184369581568
"425",2016-05-10,0.00373956456189828,0.021372259296436
"426",2016-05-11,-0.00145090692655214,-0.00331403196434088
"427",2016-05-12,0.00981727425546386,-0.00974282683434824
"428",2016-05-13,-0.00490284754822679,0.00839960279544383
"429",2016-05-16,0.0058519914560442,0.0190497194356423
"430",2016-05-17,-0.0196045472722722,-0.00208892819816264
"431",2016-05-18,-0.018150210251612,0.0116962497232704
"432",2016-05-19,0.00375028918976139,-0.00486381293656324
"433",2016-05-20,0.000389520717392289,0.0137475971362766
"434",2016-05-23,-0.00351041924268791,0.0053640171766296
"435",2016-05-24,0.00806673705060446,0.0193631116528152
"436",2016-05-25,-0.00073003907886815,0.044499973954012
"437",2016-05-26,0.00771141726027924,-0.0074933412785837
"438",2016-05-27,0.00190977393754221,0.0128618684103199
"439",2016-05-31,0.00215873839581149,0.00315299770371702
"440",2016-06-01,0.00523211046323957,-0.00139978419522768
"441",2016-06-02,0.0000143977113875593,0.00857074668003466
"442",2016-06-03,0.0153357637423712,-0.0129846111162512
"443",2016-06-06,-0.00493895282008716,0.0144927534804755
"444",2016-06-07,-0.000646966542299343,0.00725238510376669
"445",2016-06-08,0.00492300910634236,-0.000728364747430432
"446",2016-06-09,0.00649755189251056,-0.0035875979136113
"447",2016-06-10,-0.000553384673477209,-0.0257179635231708
"448",2016-06-13,-0.00149933947994119,-0.00346378773067235
"449",2016-06-14,0.00272213090998963,-0.00250655446302628
"450",2016-06-15,-0.0023933075646585,0.00410188414897883
"451",2016-06-16,0.00753798980725562,-0.00225943515472871
"452",2016-06-17,-0.00380679215723101,0.00597166689560025
"453",2016-06-20,-0.00358006896892593,0.0168996724957491
"454",2016-06-21,0.000729195643556002,0.00425196416012219
"455",2016-06-22,-0.000029767363765254,-0.00759522872967289
"456",2016-06-23,0.00492004298926774,0.028315868073822
"457",2016-06-24,0.00516429926593598,-0.0752855229190723
"458",2016-06-27,0.0120543582484431,-0.0528756773436782
"459",2016-06-28,0.00436797950603984,0.0295496746717936
"460",2016-06-29,0.00377197429747644,0.0242161910247238
"461",2016-06-30,0.0270237389354109,0.0125858748607515
"462",2016-07-01,-0.0037646566843984,0.00076168074369809
"463",2016-07-05,0.0125416143100137,-0.0264035014698998
"464",2016-07-06,0.000741674736459697,0.0062485934357035
"465",2016-07-07,-0.0131897160457642,0.0102493808167852
"466",2016-07-08,0.00898141277953002,0.0249924236418522
"467",2016-07-11,-0.00190706103907945,0.00784100901026474
"468",2016-07-12,-0.0126488228614131,0.0249320909978967
"469",2016-07-13,0.00633027936235231,-0.00846533992147336
"470",2016-07-14,-0.00136026034115699,0.00912762840997972
"471",2016-07-15,-0.000889087053220661,-0.00425874852324026
"472",2016-07-18,-0.000427259103917277,0.00832220538048323
"473",2016-07-19,0.00227068252987217,-0.00525336639301965
"474",2016-07-20,-0.0059091125245625,0.00865439190901029
"475",2016-07-21,0.00345572468137112,-0.00849409056196271
"476",2016-07-22,0.00965938729334126,0.0152961049978297
"477",2016-07-25,-0.00198998285630925,0.00782241370292769
"478",2016-07-26,-0.00652809212934424,0.0168649402410417
"479",2016-07-27,-0.00709592082960409,-0.0070087169676869
"480",2016-07-28,0.00389667013282557,-0.00362869315658987
"481",2016-07-29,0.0070669534395309,0.00469489601094852
"482",2016-08-01,0.00226717372411089,-0.011965274439545
"483",2016-08-02,-0.00546706844997191,-0.0154054951979224
"484",2016-08-03,-0.0104505525176865,0.0102577592909525
"485",2016-08-04,0.00183997490994781,0.00398031515698838
"486",2016-08-05,-0.0073799433781655,0.0204962216802249
"487",2016-08-08,-0.00222341980153862,0.0038589523028052
"488",2016-08-09,0.00279250990045954,0.00189336672159435
"489",2016-08-10,0.00412951200195955,-0.0110029427678833
"490",2016-08-11,-0.00244857432586054,0.0134792812468481
"491",2016-08-12,0.00134172608129646,0.00846936675490739
"492",2016-08-15,-0.0090976081992753,0.0138631432106207
"493",2016-08-16,-0.0119150435466522,-0.00613128929804097
"494",2016-08-17,0.0100906497553701,-0.00917122936025661
"495",2016-08-18,0.00881660475605783,0.014142104221428
"496",2016-08-19,-0.00605219569834869,0.00716821130767031
"497",2016-08-22,0.00313993773383592,-0.00246242895039461
"498",2016-08-23,-0.00409966884176449,0.00933879321631581
"499",2016-08-24,-0.00678192919913612,-0.0126361359753572
"500",2016-08-25,0.00166139609111804,0.0027876984288322
"501",2016-08-26,-0.0137109319298713,0.00922195482166388
"502",2016-08-29,0.00914742604031904,0.00533166568540566
"503",2016-08-30,-0.0149691876778622,-0.00162997798506148
"504",2016-08-31,0.00293808862370626,-0.00696505113966384
"505",2016-09-01,0.000741315439479306,0.005674507236888
"506",2016-09-02,0.0104762507203016,0.00916308438488045
"507",2016-09-06,0.00590471878181353,-0.0051291823753199
"508",2016-09-07,-0.00190021497719339,0.0000336483588718739
"509",2016-09-08,-0.00420902985034333,-0.0016940331469889
"510",2016-09-09,-0.029895668210738,-0.0335702349053957
"511",2016-09-12,0.0132050240566659,0.0141882541607896
"512",2016-09-13,-0.0142135233312825,-0.0226754029302709
"513",2016-09-14,0.00173072570098709,0.00449021178909836
"514",2016-09-15,0.00748968569164044,0.0217213357246753
"515",2016-09-16,0.00142802380968599,0.0000453942704952137
"516",2016-09-19,0.0060642715970789,0.00472789908177695
"517",2016-09-20,0.000238552845330142,-0.00721025021564214
"518",2016-09-21,0.0168260731455279,0.0238498150198485
"519",2016-09-22,0.00733454584372462,0.00644538714043263
"520",2016-09-23,-0.00207325499625666,-0.00602252008906223
"521",2016-09-26,-0.00413510904292613,-0.0100943326187738
"522",2016-09-27,-0.00511407079787063,0.0118582873300115
"523",2016-09-28,0.00124407117678227,0.0145162919708151
"524",2016-09-29,-0.0131591534805802,-0.003886757654462
"525",2016-09-30,-0.0044402832732654,0.0149550495609985
"526",2016-10-03,-0.0139243556297229,-0.00414930665322322
"527",2016-10-04,-0.0214814908717404,-0.0028852578661035
"528",2016-10-05,-0.00643777962099201,0.0112884190788574
"529",2016-10-06,0.000300833013558988,-0.00177758154587992
"530",2016-10-07,-0.000748118764939854,-0.0095578250932945
"531",2016-10-10,0.00418860418438194,0.00808743373751075
"532",2016-10-11,-0.00991914120395276,-0.0213772327530165
"533",2016-10-12,0.0090387984403979,0.00426168377968295
"534",2016-10-13,0.0057170649202547,-0.0106347935919594
"535",2016-10-14,-0.00397374777380533,0.00625202298441874
"536",2016-10-17,0.00312195887497912,-0.00821852859510253
"537",2016-10-18,0.00693020992653737,0.0068136740481135
"538",2016-10-19,-0.00296654233108351,0.00993204486752175
"539",2016-10-20,-0.00335061578001217,0.00580856333438318
"540",2016-10-21,-0.00555307134584537,-0.00575363096676995
"541",2016-10-24,0.00391948601827341,0.0163921549979942
"542",2016-10-25,0.00511811467295686,-0.000884693395188707
"543",2016-10-26,0.000474287818061692,-0.00467646303141189
"544",2016-10-27,-0.0159104695076721,0.00121768347779594
"545",2016-10-28,0.00888408009499675,0.00137325565915192
"546",2016-10-31,0.0152719359120117,-0.00140475486482228
"547",2016-11-01,-0.0155396817308254,-0.0168208754385962
"548",2016-11-02,-0.00756413918196419,-0.00997910101260524
"549",2016-11-03,-0.00548806776324562,-0.00171552349233428
"550",2016-11-04,-0.00168910849261272,0.00304461781963705
"551",2016-11-07,0.0149783281886617,0.0384223617267703
"552",2016-11-08,0.00978296137161561,0.00228052278626345
"553",2016-11-09,-0.0134418061420225,0.0169779969227686
"554",2016-11-10,-0.0241887613524416,-0.00203952724125367
"555",2016-11-11,-0.00102778569537865,0.0556084792727085
"556",2016-11-14,0.0040736119718312,-0.00394535419044684
"557",2016-11-15,0.00720153370203835,0.0203124462886177
"558",2016-11-16,-0.0027872692585148,0.0160515764051719
"559",2016-11-17,-0.00160225647639123,0.0169296918802708
"560",2016-11-18,-0.0032464593412852,0.00259794303729621
"561",2016-11-21,0.0032751724423854,0.00929279515626424
"562",2016-11-22,0.00713832498261713,-0.00435655230075738
"563",2016-11-23,-0.011980380367467,0.00890757284393473
"564",2016-11-25,0.012761695518656,0.00121564971960431
"565",2016-11-28,0.0111670714554526,-0.00930459768978043
"566",2016-11-29,0.00308032735602382,-0.0058637101460477
"567",2016-11-30,-0.0274293550580241,0.00848634895011458
"568",2016-12-01,-0.0131402954421396,-0.0183684859490356
"569",2016-12-02,0.0101803441450223,0.00333236523018643
"570",2016-12-05,0.0049423178596697,0.0158223817164416
"571",2016-12-06,0.00300350007738515,0.0219234277260176
"572",2016-12-07,0.0112718105488998,0.0229099743902401
"573",2016-12-08,0.00120392292706351,0.00660022839197461
"574",2016-12-09,0.00817183576357583,-0.00603312734460693
"575",2016-12-12,0.00848714388552341,-0.011748467091094
"576",2016-12-13,0.00533182791507802,0.00739555562354011
"577",2016-12-14,-0.0200778180021643,-0.000267301293997657
"578",2016-12-15,0.00218229851232454,0.0163443351189243
"579",2016-12-16,0.00790562051703714,-0.00719330977297628
"580",2016-12-19,0.00347378487534922,0.00584258430396623
"581",2016-12-20,-0.00205607113092565,0.0160327653207559
"582",2016-12-21,-0.00557707758026516,0.000671523160341136
"583",2016-12-22,0.00126942550116671,0.00285696209455533
"584",2016-12-23,0.00169385615563256,0.00667456911875863
"585",2016-12-27,0.00187399331888627,0.0211195640428183
"586",2016-12-28,-0.00891348415061965,-0.0319727222907833
"587",2016-12-29,0.0119403353047773,0.00201187018319349
"588",2016-12-30,-0.00166595799499425,-0.0147475611063583
"589",2017-01-03,0.00158172214567154,-0.00480189488067284
"590",2017-01-04,0.00824816451915855,0.0188046803658752
"591",2017-01-05,0.00419134727912973,-0.0143979870804399
"592",2017-01-06,0.00244383018574279,0.00665804854974894
"593",2017-01-09,-0.0116652663078571,0.00649542161088101
"594",2017-01-10,-0.00583036158944961,0.00484379530284285
"595",2017-01-11,0.00175487945519648,0.0000112091433390749
"596",2017-01-12,0.00140112318251706,-0.0135982751004261
"597",2017-01-13,-0.000675120914654159,0.00437664991639131
"598",2017-01-17,0.00963448005261824,-0.0196905238650882
"599",2017-01-18,0.0007033707929609,0.0101383034129967
"600",2017-01-19,-0.00599504748249036,-0.00169806469353739
"601",2017-01-20,0.00448889841148126,0.0022122852193811
"602",2017-01-23,0.000239474082615487,-0.00592665872263798
"603",2017-01-24,0.00428415395192827,0.0232246003574101
"604",2017-01-25,0.00684608228787109,0.0114131578793448
"605",2017-01-26,0.00207212514363775,0.00425687852368983
"606",2017-01-27,-0.00264985092932579,0.00493830559098463
"607",2017-01-30,0.00109030146763089,-0.00591782452563128
"608",2017-01-31,0.0133225464844058,-0.00120278040287347
"609",2017-02-01,-0.0119568503461953,0.0251990374384066
"610",2017-02-02,0.00939239509611101,0.00605583628004824
"611",2017-02-03,0.00436751941303171,0.0155473308588083
"612",2017-02-06,-0.00156943292502854,0.00940816813771916
"613",2017-02-07,0.00467448514302893,0.000054153662624179
"614",2017-02-08,0.00564931774238042,-0.00351466863443928
"615",2017-02-09,-0.000723072493688637,0.00364567257185611
"616",2017-02-10,0.00341875765808886,-0.00268600271463038
"617",2017-02-13,0.00429416244648073,-0.00718895201737735
"618",2017-02-14,-0.00536300941731938,0.00129931942212891
"619",2017-02-15,0.000784692760576577,0.00447773020037046
"620",2017-02-16,0.00562200047731776,-0.00834139066969752
"621",2017-02-17,0.00467313720262874,0.00245494266265367
"622",2017-02-21,0.00781521030556576,0.0189817051993644
"623",2017-02-22,0.000879209211419596,-0.00334090182441227
"624",2017-02-23,0.00506579111991301,-0.024137361148865
"625",2017-02-24,0.00599658526122249,-1.56094570535892e-06
"626",2017-02-27,-0.00557529119113354,0.0163625805066487
"627",2017-02-28,0.00449616052848389,-0.0140092007533463
"628",2017-03-01,0.000409556453053739,0.0238531047670809
"629",2017-03-02,-0.00209757463553317,-0.0240797379680161
"630",2017-03-03,-0.00162250383440321,-0.0060911319060547
"631",2017-03-06,-0.00323540064815264,-0.00861754410088367
"632",2017-03-07,-0.00108436155346403,-0.00171570191445192
"633",2017-03-08,-0.0116666064988108,-0.00175749345490839
"634",2017-03-09,-0.00234371871103733,0.00218955913558339
"635",2017-03-10,0.00476975714218009,0.00693254452946079
"636",2017-03-13,0.00145788292306204,0.0139226077156103
"637",2017-03-14,-0.000301789522934581,-0.00400842987673944
"638",2017-03-15,0.0148336725271838,0.0114274259095062
"639",2017-03-16,-0.00905272835849968,-0.000369910781377714
"640",2017-03-17,0.0041865710556912,-0.000800804234630692
"641",2017-03-20,-0.00283647339493576,0.00873301122842229
"642",2017-03-21,0.00342940616460186,-0.034599893520197
"643",2017-03-22,0.00374360914045146,0.0115396022565837
"644",2017-03-23,-0.00168571619092583,0.000612669036408775
"645",2017-03-24,0.000903071908221476,0.00510097820179212
"646",2017-03-27,-0.00320607229251357,0.00153557169926621
"647",2017-03-28,-0.000183318850368264,0.00838071164448828
"648",2017-03-29,-0.00367990553878006,0.00825466611904679
"649",2017-03-30,-0.00260851626599867,0.00865980915638964
"650",2017-03-31,0.00385286026563114,-0.00182439730735562
"651",2017-04-03,0.00177183295255912,-0.00640073121013507
"652",2017-04-04,0.00107402573895077,-0.0177463705806027
"653",2017-04-05,0.00276585875267421,-0.00503001898978783
"654",2017-04-06,-0.000372731988588115,0.00809854314663472
"655",2017-04-07,-0.000756673636369443,0.00249179392222709
"656",2017-04-10,0.0033797650838745,-0.00829805148540697
"657",2017-04-11,0.000288239751659924,0.000782369767869717
"658",2017-04-12,0.00226100176443311,-0.00969733849780874
"659",2017-04-13,-0.0044847684344349,-0.0125411304004033
"660",2017-04-17,0.0103106858814876,0.0175260723857396
"661",2017-04-18,0.00276798092880481,-0.00388485123811522
"662",2017-04-19,-0.00467235603828242,0.00216426730822228
"663",2017-04-20,-0.000717820895977717,0.0121803838802372
"664",2017-04-21,0.00267602294150038,-0.00260898136153564
"665",2017-04-24,0.00114429827098572,0.0134301023743415
"666",2017-04-25,-0.00116200014975532,0.0105371276320314
"667",2017-04-26,0.000296032915806821,-0.00150958741942564
"668",2017-04-27,-0.00178722171829637,0.00352783960543523
"669",2017-04-28,-0.00530547032963757,-0.000616734662512886
"670",2017-05-01,-0.00581198998282062,0.0103867511294398
"671",2017-05-02,-0.000947137706037493,-0.0252337306039827
"672",2017-05-03,-0.00575383593284962,0.00603868071982872
"673",2017-05-04,0.00219377748567551,0.0025335587635591
"674",2017-05-05,0.00542200239655544,0.00262084198807666
"675",2017-05-08,-0.00379860401805199,-0.00135911965146684
"676",2017-05-09,-0.00339885866839373,0.0057080193167649
"677",2017-05-10,0.00299401584303238,0.0387799576963697
"678",2017-05-11,-0.000162891849913027,0.00807790101749606
"679",2017-05-12,0.00180077120471678,0.00254886623798112
"680",2017-05-15,0.0044593794443597,0.0190100196963232
"681",2017-05-16,-0.0108606650718179,0.0115961121247319
"682",2017-05-17,0.00542060824674562,-0.0508012021860555
"683",2017-05-18,0.00220330154640602,0.0116290333082816
"684",2017-05-19,0.00714467693569931,0.0208796429030591
"685",2017-05-22,0.00599688921341679,0.00795341086296131
"686",2017-05-23,0.00396674288946253,-0.00342512546525153
"687",2017-05-24,0.00792316962109307,0.00271742678538467
"688",2017-05-25,0.00475927185146885,0.000654484247379905
"689",2017-05-26,-0.000504607792152556,0.00718008992276409
"690",2017-05-30,-0.000682957376759497,0.00516077474673415
"691",2017-05-31,0.00340427153261391,-0.0032540565842557
"692",2017-06-01,0.00474534832458029,0.00659926769339836
"693",2017-06-02,0.00309292123035765,-0.000947060919599729
"694",2017-06-05,-0.00577005180806711,0.00416713956177928
"695",2017-06-06,-0.00195214028886592,0.00361882632243593
"696",2017-06-07,0.0104238540922466,0.00407062039487283
"697",2017-06-08,-0.00552286555494641,0.0228175211343682
"698",2017-06-09,0.00207051541048275,-0.0257127076725786
"699",2017-06-12,0.00184105511064403,-0.00174992969496102
"700",2017-06-13,0.00321332216468395,0.00851229938253484
"701",2017-06-14,0.00480295895729799,-0.00917216803477394
"702",2017-06-15,0.00458398117317027,-0.00542996157485065
"703",2017-06-16,-0.00277688758684091,-0.000600789076810271
"704",2017-06-19,-0.000468407986001229,0.0247907845897641
"705",2017-06-20,-0.000911556238231248,-0.0079138036035945
"706",2017-06-21,-0.00616731847527896,0.0109466137385772
"707",2017-06-22,-0.00387774995209011,0.00118515780039941
"708",2017-06-23,0.00032582591280006,-0.00103407698506208
"709",2017-06-26,0.00328185922147628,-0.00171868426259392
"710",2017-06-27,-0.0127051342949469,-0.0208559106789433
"711",2017-06-28,-0.00133930433166829,0.0167605974012874
"712",2017-06-29,-0.00965081743283958,-0.0166438117702553
"713",2017-06-30,-0.000275727554949978,-0.00589845063913885
"714",2017-07-03,0.00026493281784612,-0.0104728002329555
"715",2017-07-05,-0.00212544517174917,0.0175709836501883
"716",2017-07-06,-0.0114514258528274,-0.00634513497388234
"717",2017-07-07,0.00273558708428534,0.0160724267421266
"718",2017-07-10,-0.00451864583178396,0.018961092822269
"719",2017-07-11,-0.000612255526209027,0.00616328367893204
"720",2017-07-12,0.00621739262057619,0.0181590735912425
"721",2017-07-13,-0.00210650178559757,-0.00564588321765369
"722",2017-07-14,0.00378231342696567,0.0132068777736425
"723",2017-07-17,0.00439709216897555,-0.00299813473946242
"724",2017-07-18,0.00273032948363805,-0.00135548357597226
"725",2017-07-19,0.00116183558224936,0.00795993987483357
"726",2017-07-20,0.00373735477925385,0.00522831300945725
"727",2017-07-21,0.00718775772081504,-0.00109119441533367
"728",2017-07-24,-0.00551603340869677,0.00279856559533642
"729",2017-07-25,0.00399646292347544,0.0024463076947967
"730",2017-07-26,0.00914486586239516,0.00464473834938217
"731",2017-07-27,-0.00251721719432318,-0.0168945382574066
"732",2017-07-28,0.000244222557540752,0.0087849633808641
"733",2017-07-31,0.00134713620959825,-0.00947932708601962
"734",2017-08-01,0.00239805136063986,0.0120637404576152
"735",2017-08-02,0.00242557740072225,-0.00764524754623241
"736",2017-08-03,-0.00148858747652147,0.00121344255483158
"737",2017-08-04,-0.00349588454168059,0.00468956011394739
"738",2017-08-07,0.00205004816402554,0.0124319183191253
"739",2017-08-08,-0.00318523348761035,-0.0057529525223099
"740",2017-08-09,0.00159098719483275,0.00597076995746648
"741",2017-08-10,-0.000827668034148799,-0.0307252564259954
"742",2017-08-11,-0.00478004534500465,-0.00951719960855746
"743",2017-08-14,0.00618307447086597,0.0306964752415639
"744",2017-08-15,0.000781267639189176,0.00511355390529888
"745",2017-08-16,0.00293440952472923,-0.00301289164498075
"746",2017-08-17,-0.00524964983971898,-0.0279041736566821
"747",2017-08-18,-0.0014254120358389,0.000722979946294444
"748",2017-08-21,0.00693045870040243,-0.00758717280059606
"749",2017-08-22,0.00344781110527648,0.0184680127950327
"750",2017-08-23,0.00364576755402513,0.00535697963677051
"751",2017-08-24,-0.00780292925023696,0.000532733910995065
"752",2017-08-25,0.0015824609621653,-0.000526703383493921
"753",2017-08-28,0.00178974874087423,0.00156328794358385
"754",2017-08-29,-0.00078204938184212,-0.00182178039775871
"755",2017-08-30,-0.000431268718267597,0.00903777659306293
"756",2017-08-31,0.00230608361442797,0.0135250126253588
"757",2017-09-01,-0.00120080823874924,0.0072513233958158
"758",2017-09-05,0.00281900981302474,-0.0141358073655997
"759",2017-09-06,-0.0058733671415836,0.000276413372757522
"760",2017-09-07,0.00810954269133046,-0.0000677566866263968
"761",2017-09-08,0.00707346999887015,-0.00625945142278383
"762",2017-09-11,0.00207863049176371,0.0203805679956859
"763",2017-09-12,-0.0110604965700234,0.00607561312413751
"764",2017-09-13,-0.003349086282743,0.000651575831500217
"765",2017-09-14,0.00696348627053944,-0.00101422313191402
"766",2017-09-15,0.00201985934075544,0.018349612095234
"767",2017-09-18,-0.00303993590771323,0.0190199757273146
"768",2017-09-19,-0.0025744018018995,0.0011085625851206
"769",2017-09-20,-0.00532384160968913,0.00303457340833435
"770",2017-09-21,-0.00520555221947927,-0.0101474559331782
"771",2017-09-22,-0.0036870079718313,0.00315731214958648
"772",2017-09-25,0.00422448202960446,-0.0210772043488419
"773",2017-09-26,-0.00322208765645493,0.00209675562731904
"774",2017-09-27,-0.00850693697690941,0.0141358186052076
"775",2017-09-28,0.00858066869422514,-0.00207772494043246
"776",2017-09-29,0.00199994409296278,0.0113376018645417
"777",2017-10-02,0.00112262275467168,0.00190113313009355
"778",2017-10-03,-0.00403682552891782,0.00393058714340344
"779",2017-10-04,0.0066780231037411,0.00295590594133466
"780",2017-10-05,0.000692713724811389,0.00436159039287398
"781",2017-10-06,-0.00094761370262797,0.00213871195052495
"782",2017-10-09,0.000774179274203757,0.00966850680221398
"783",2017-10-10,0.00454087957666682,0.00533561090046231
"784",2017-10-11,0.00625734687900148,0.00638576687411674
"785",2017-10-12,0.00671005010623893,0.0042333963472807
"786",2017-10-13,0.000193281244099675,0.00617802033662551
"787",2017-10-16,-0.00142132621277347,0.00906684483707365
"788",2017-10-17,0.00210928648935704,-0.00247889774115406
"789",2017-10-18,-0.00113253019956494,0.000587645896012123
"790",2017-10-19,0.00206484010970032,-0.000114545812267774
"791",2017-10-20,0.00104703578585541,0.00432239075944896
"792",2017-10-23,0.000269758923974184,0.000751068147105238
"793",2017-10-24,-0.00356055781664499,0.00759668470214359
"794",2017-10-25,-0.00847476567756267,-0.0211029830821799
"795",2017-10-26,-0.00510019820476415,0.00875093580217801
"796",2017-10-27,0.00309314998638643,0.0306136645142556
"797",2017-10-30,-0.0018943845208762,-0.00324770653838446
"798",2017-10-31,0.00539376050072948,0.0119920914271026
"799",2017-11-01,-0.0011865922552331,-0.0024710361657897
"800",2017-11-02,0.00814462812448857,-0.00127388750759516
"801",2017-11-03,-0.000426848001318203,0.00989461260811075
"802",2017-11-06,-0.00403183403963792,0.0125026716588046
"803",2017-11-07,0.00805600576260179,0.00266924532211288
"804",2017-11-08,0.00515627597589674,0.00111208829312703
"805",2017-11-09,-0.00319206833243268,-0.0145716100555497
"806",2017-11-10,-0.0015594306887915,0.0173536987236751
"807",2017-11-13,0.0095517784492043,-0.000253086817194714
"808",2017-11-14,0.0112482094531341,0.00191424840402821
"809",2017-11-15,-0.00805265217383977,-0.00949130915987972
"810",2017-11-16,0.00316986349566917,0.0129779780912527
"811",2017-11-17,-0.00258742035951287,0.00234001345465451
"812",2017-11-20,0.00192813134193259,0.00837180984432195
"813",2017-11-21,0.00537145393433835,0.0087298148691739
"814",2017-11-22,-0.00158177101026047,-0.0061861783122773
"815",2017-11-24,0.00206537884425639,0.00471406363932791
"816",2017-11-27,0.00381007390018318,-0.00396529555593073
"817",2017-11-28,0.00460186433483378,0.000479759209955466
"818",2017-11-29,0.00394207962414761,-0.0415376395912278
"819",2017-11-30,0.00617901704145152,0.00954788049252109
"820",2017-12-01,-0.00125936271847016,-0.0116147389121396
"821",2017-12-04,0.000748288172283562,-0.0434305344106758
"822",2017-12-05,-0.011394134579263,0.00128369355276181
"823",2017-12-06,0.00140753515042435,0.00228316327467559
"824",2017-12-07,0.00100573146017613,0.0164517390325725
"825",2017-12-08,0.00387328471385007,0.000967306087724662
"826",2017-12-11,0.00337622814398508,0.00232901622993809
"827",2017-12-12,-0.00898721757815457,-0.0077850185863767
"828",2017-12-13,0.00300870688797472,-0.00761561521337006
"829",2017-12-14,-0.00301055768520542,-0.00353304266461885
"830",2017-12-15,0.00447661385036136,0.0147943165715443
"831",2017-12-18,-0.000625716464705439,0.0181289492564691
"832",2017-12-19,-0.0107198351179426,-0.00336783288267484
"833",2017-12-20,-0.00476873457809301,0.0030710520781918
"834",2017-12-21,-0.00575657002649643,-0.00641526659520364
"835",2017-12-22,0.00354107033716056,-0.00114732329977774
"836",2017-12-26,-0.00270962176859246,0.00118652499267835
"837",2017-12-27,0.00354996228687998,0.000651531122438209
"838",2017-12-28,0.00371104280456502,0.00267363068390591
"839",2017-12-29,-0.00175951992277457,-0.0130231499934904
"840",2018-01-02,-0.00940724250307345,0.0216086634285495
"841",2018-01-03,-0.00510558607680112,0.0310505351971786
"842",2018-01-04,-0.0013588832615884,0.013794428809792
"843",2018-01-05,0.00113218854103936,0.0101698022033425
"844",2018-01-08,0.00774509094747899,0.0185230833559693
"845",2018-01-09,-0.00893205793636864,0.000297425864038026
"846",2018-01-10,-0.0107602141299277,0.000137535164882685
"847",2018-01-11,-0.00862477302794162,0.010635133347749
"848",2018-01-12,-0.00591467476184282,0.00554962097736889
"849",2018-01-16,0.00191214227350955,-0.0062930967715733
"850",2018-01-17,0.00611912560651473,0.0148195174734742
"851",2018-01-18,-0.00481912771017656,-0.000953542052767431
"852",2018-01-19,0.00114509176188582,0.00935691946135453
"853",2018-01-22,-0.000757586930934417,0.00843301648936357
"854",2018-01-23,0.00502928892185617,0.0108208936216077
"855",2018-01-24,-0.00323005648164398,-0.00719301351052437
"856",2018-01-25,0.00794855908548908,-0.00163791658451773
"857",2018-01-26,-0.000925643892166761,0.0170957262696365
"858",2018-01-29,-0.0126004903036667,-0.00801047038753855
"859",2018-01-30,0.0014592484115119,-0.0162275213312538
"860",2018-01-31,0.00879661018930933,0.00303844014632015
"861",2018-02-01,-0.0143439534188543,-0.0072468328613754
"862",2018-02-02,-0.0111965993897436,-0.0247418967395294
"863",2018-02-05,-0.0173744513958448,-0.0569592143610148
"864",2018-02-06,-0.0141709455515854,0.0271132243056449
"865",2018-02-07,-0.00668625826987301,-0.00356537005973434
"866",2018-02-08,-0.0163999299540094,-0.0505462029526121
"867",2018-02-09,0.0160956225423512,0.0339399616492999
"868",2018-02-12,0.00735026229805169,0.00779173652535126
"869",2018-02-13,0.00647675364023104,0.00652014762963593
"870",2018-02-14,-0.000232750539962079,0.0316637208641186
"871",2018-02-15,0.0170572397516411,0.013285391311231
"872",2018-02-16,0.00205024145698451,-0.0127692244730129
"873",2018-02-20,-0.013414459895996,0.0107599955277635
"874",2018-02-21,-0.00692334394747507,-0.010128567325049
"875",2018-02-22,0.00281271187213372,-0.000592957162122154
"876",2018-02-23,0.0157572664410681,0.0186979699145842
"877",2018-02-26,0.00494645327296817,0.00924397409980338
"878",2018-02-27,-0.0135036894535973,-0.00852282880227984
"879",2018-02-28,-0.00267750253240562,-0.0108613846453601
"880",2018-03-01,0.00275345927183857,-0.0281529473800679
"881",2018-03-02,0.000749170649320119,0.0126467041087179
"882",2018-03-05,0.016030720195205,0.00574315060293551
"883",2018-03-06,-0.00208143140012351,0.0145413016039622
"884",2018-03-07,-0.00440864752028958,0.0114547640320719
"885",2018-03-08,0.0081102722552393,0.0052128542076868
"886",2018-03-09,0.00746635693817543,0.0195191356828779
"887",2018-03-12,0.0046234593344856,0.00834791681305758
"888",2018-03-13,-0.000963291548853662,-0.00766117897051377
"889",2018-03-14,0.000870837442987549,-0.00332117644162422
"890",2018-03-15,-0.00094037921180834,-0.00154214585992851
"891",2018-03-16,0.00657701215898121,0.00347466722757384
"892",2018-03-19,-0.00532453558234791,-0.0168587987759884
"893",2018-03-20,-0.000463642155727029,0.016979576381301
"894",2018-03-21,-0.00610048117136697,0.000761226488007027
"895",2018-03-22,-0.00646331521350829,-0.0347489697420202
"896",2018-03-23,-0.0105985015169926,-0.0349712356792997
"897",2018-03-26,0.0130969497645803,0.0358601594589667
"898",2018-03-27,0.00557773793369543,-0.0458389081253152
"899",2018-03-28,0.00254685390321052,-0.0172968118763744
"900",2018-03-29,0.0085663458645362,0.0263884261364489
"901",2018-04-02,-0.0136182646615285,-0.0345180706379669
"902",2018-04-03,0.00434700548192346,0.0148892534360887
"903",2018-04-04,0.00793156123232741,0.00894775850851981
"904",2018-04-05,-0.000342221316071534,0.0016779266653435
"905",2018-04-06,-0.00701693460389874,-0.0300257075511523
"906",2018-04-09,0.0014590986613976,0.00466632498554098
"907",2018-04-10,-0.00499412419686207,0.0378596873255597
"908",2018-04-11,-0.000577571695199453,-0.0062363077692249
"909",2018-04-12,-0.0120402262083074,0.0203742222974401
"910",2018-04-13,0.00474478128724765,-0.00829214950449675
"911",2018-04-16,0.0122958667779396,0.00656846449320159
"912",2018-04-17,0.00899148708824105,0.0159588902882863
"913",2018-04-18,-0.00553015614560826,0.00460641334293177
"914",2018-04-19,-0.00543557126646099,-0.0271477634403562
"915",2018-04-20,-0.00957126641481154,-0.00610546194077344
"916",2018-04-23,-0.000432369289108059,-0.00772488132363436
"917",2018-04-24,0.00316003069457005,-0.0187281556478274
"918",2018-04-25,0.0017877170331202,-0.00719668324890999
"919",2018-04-26,0.0106277233604162,0.027638559597609
"920",2018-04-27,0.00759959199975979,0.00222451502325671
"921",2018-04-30,-0.00605819075241631,-0.0114520757377423
"922",2018-05-01,0.00140176749939847,0.0130338228937832
"923",2018-05-02,-0.00696125738243947,-0.00747299706227644
"924",2018-05-03,0.000627903959938836,0.0110971574311776
"925",2018-05-04,0.00376836017583315,0.0187722250259585
"926",2018-05-07,-0.000419579720972063,0.017314991386612
"927",2018-05-08,-0.0118440351329201,0.00647164542673218
"928",2018-05-09,0.00160404803470127,0.0187624732445524
"929",2018-05-10,0.00894526886882119,0.0172261018481699
"930",2018-05-11,0.0013236517318933,-0.00353761500751348
"931",2018-05-14,-0.00556748747688618,0.00047778779017027
"932",2018-05-15,-0.00896638031617658,-0.0112747823436351
"933",2018-05-16,-0.0012148465515518,0.00860851619258618
"934",2018-05-17,-0.00548081198808137,0.00251170224380148
"935",2018-05-18,-0.0036654034043464,-0.00203065703905569
"936",2018-05-21,0.00553146291234397,0.00570813914323498
"937",2018-05-22,-0.00151044403625178,-0.0042084847135675
"938",2018-05-23,0.0087314041570774,0.0117118984429554
"939",2018-05-24,0.0051369573826463,0.00392714564217744
"940",2018-05-25,0.00362793001355333,-0.0086882708675815
"941",2018-05-29,0.00230311655253757,-0.010861606620492
"942",2018-05-30,0.00756319969635011,0.0153972889922795
"943",2018-05-31,-0.00859462030951241,-0.00857677059748008
"944",2018-06-01,-0.00648221903296686,0.0166056880017544
"945",2018-06-04,-0.00124740005979662,0.0191750260108485
"946",2018-06-05,-0.0108871286512392,0.00269536541658288
"947",2018-06-06,-0.00818293765069611,0.0087958389165832
"948",2018-06-07,0.0060802872458543,-0.0136090138870594
"949",2018-06-08,0.00441484548216664,0.00735031624109062
"950",2018-06-11,-0.001791707349864,0.000875692195805078
"951",2018-06-12,0.00676170830396394,0.00239639873850739
"952",2018-06-13,-0.00558071635929391,0.00228896004867862
"953",2018-06-14,0.00936635915129513,0.00432488413598175
"954",2018-06-15,0.00303821859828224,-0.0077760886156123
"955",2018-06-18,0.000287393049284157,0.00896632424790234
"956",2018-06-19,0.00941333742725181,-0.0129950342640841
"957",2018-06-20,-0.000980693982609582,0.00160000299256047
"958",2018-06-21,0.000734765052293751,-0.0187024312347365
"959",2018-06-22,0.00586882463820126,-0.0108678546477616
"960",2018-06-25,0.00918917311179879,-0.0367127507748179
"961",2018-06-26,0.00173195830958273,0.007891880671965
"962",2018-06-27,-0.0000459528549034971,-0.0213944030203186
"963",2018-06-28,0.00682894551104485,0.00959132051778289
"964",2018-06-29,-0.00181972156648758,-0.00257318582388166
"965",2018-07-02,0.003148177702333,0.00804207369422549
"966",2018-07-03,0.00249876987241238,-0.0118491626221167
"967",2018-07-05,0.0107452973783548,0.0166057788737501
"968",2018-07-06,0.00520781795596337,0.0156731813487068
"969",2018-07-09,-0.0191570954512248,0.013922651907232
"970",2018-07-10,0.005376395177624,0.00804053354146128
"971",2018-07-11,0.00582301110993511,-0.0207825457488297
"972",2018-07-12,0.00191565756557188,0.0180983402858019
"973",2018-07-13,-0.00078909748447098,-0.00114653965929978
"974",2018-07-16,-0.00345448201008858,-0.00208359991953722
"975",2018-07-17,-0.00140082336738556,0.0158130040881506
"976",2018-07-18,-0.00275993527567864,0.00259716722702086
"977",2018-07-19,0.00596510144323026,-0.00663399307813795
"978",2018-07-20,-0.00330468856935606,-0.00377153772527739
"979",2018-07-23,-0.00536823929140062,0.00213214765616332
"980",2018-07-24,0.000759097124287678,-0.00816012735487326
"981",2018-07-25,-0.0000234768650426709,0.012867270715432
"982",2018-07-26,0.0092760970169008,0.00303056846939098
"983",2018-07-27,-0.00782997026295973,-0.0104696845308533
"984",2018-07-30,-0.0110367329644933,-0.0202160615285562
"985",2018-07-31,0.00970445509150286,-0.0168364722680091
"986",2018-08-01,-0.00862052873185026,-0.00231867032479105
"987",2018-08-02,0.00211563105288914,0.0147601725647784
"988",2018-08-03,0.00818756291971812,0.0011736216575533
"989",2018-08-06,0.00155855990877218,0.0113611765471882
"990",2018-08-07,-0.00244416189495933,0.0033394219403946
"991",2018-08-08,-0.004809269225311,0.000128800044023381
"992",2018-08-09,0.000399524663877271,-0.0095932822928172
"993",2018-08-10,-0.00186641348427219,-0.00925947000104599
"994",2018-08-13,0.000466965803637809,-0.00207416409750105
"995",2018-08-14,0.00181600860838804,0.0151087813099069
"996",2018-08-15,0.00811343886100868,-0.0219884657774601
"997",2018-08-16,0.0075213525095279,0.0025992809357458
"998",2018-08-17,0.00708779529218639,-0.00941742811194524
"999",2018-08-20,0.000871688132591864,0.00688886315754011
"1000",2018-08-21,-0.00789762294618057,0.0143250689915009
"1001",2018-08-22,-0.00794191293781288,0.0136953501330255
"1002",2018-08-23,-0.00150083836962733,0.00589536189029083
"1003",2018-08-24,0.00510989111891758,0.0237001403388071
"1004",2018-08-27,-0.00584186124860109,0.0184794378726891
"1005",2018-08-28,-0.00135642631748656,-0.00134085543559381
"1006",2018-08-29,0.00418857108532089,0.00596216366381497
"1007",2018-08-30,-0.000946404279733692,-0.00386260537899485
"1008",2018-08-31,0.000315688921815882,0.0038886319976088
"1009",2018-09-04,0.00887546143429629,0.00659811153373702
"1010",2018-09-05,0.0080159737950336,-0.0152819292597055
"1011",2018-09-06,0.0016305087888,-0.0176761718043934
"1012",2018-09-07,-0.00650369200304746,-0.00399693895899489
"1013",2018-09-10,0.00194426274233606,0.0155494397623555
"1014",2018-09-11,-0.00175019088549744,0.00167735500953237
"1015",2018-09-12,0.00147088995406985,0.000972646775424524
"1016",2018-09-13,0.00448947798131938,0.000590066790426613
"1017",2018-09-14,-0.00351381192764133,0.0195554124045607
"1018",2018-09-17,-0.000309629103622755,-0.0130389975768339
"1019",2018-09-18,-0.00237772055445018,0.00265629455906025
"1020",2018-09-19,-0.013133455922881,0.00117531295173756
"1021",2018-09-20,0.00432992603270654,0.0024181950414115
"1022",2018-09-21,0.00136777456302672,-0.00068234502080089
"1023",2018-09-24,-0.00833616582100216,0.0041904765295242
"1024",2018-09-25,-0.00956373687443635,0.00287338052611452
"1025",2018-09-26,-0.0100054590188099,-0.00974851967226709
"1026",2018-09-27,0.00158523256890164,0.00271485462313725
"1027",2018-09-28,0.0104428883608123,0.00661942465280396
"1028",2018-10-01,-0.00426128673126147,0.0110213489421782
"1029",2018-10-02,0.00993266247979219,-0.0178558588259297
"1030",2018-10-03,-0.00614848173617122,0.00456073880113705
"1031",2018-10-04,0.00671398211785856,-0.0221881670327777
"1032",2018-10-05,0.0109937958561772,-0.0260772790418317
"1033",2018-10-08,0.00799415805866865,-0.0151990750698353
"1034",2018-10-09,0.00448112209487661,-0.00371869864181074
"1035",2018-10-10,-0.0095318201794562,-0.0596370280368979
"1036",2018-10-11,-0.0163999422833818,-0.0237418519603252
"1037",2018-10-12,0.00188172574078327,0.02995977025203
"1038",2018-10-15,0.00687821260201393,-0.021442125941102
"1039",2018-10-16,0.0161658208626227,0.0376753177006139
"1040",2018-10-17,0.000514903010266021,-0.00840923317386744
"1041",2018-10-18,0.00108536497456235,-0.0235993541291698
"1042",2018-10-19,0.0157646408263974,-0.0331259393294506
"1043",2018-10-22,-0.00538979734725897,0.00431439570236836
"1044",2018-10-23,-0.000398174565942266,-0.0178946581491387
"1045",2018-10-24,0.0205692763387157,-0.0875684444138589
"1046",2018-10-25,-0.0120582449907206,-0.0198026644685103
"1047",2018-10-26,-0.0130954834661222,-0.0423336074605989
"1048",2018-10-29,0.0181027069917816,-0.0384305050227085
"1049",2018-10-30,0.0121871778662064,0.0410539467508098
"1050",2018-10-31,-0.0119559793108669,0.0227329291507345
"1051",2018-11-01,0.00204064187994479,0.0344493544598494
"1052",2018-11-02,-0.00428534454859497,-0.00385443446510192
"1053",2018-11-05,0.00836230741724875,-0.00684168560382736
"1054",2018-11-06,0.00754965572463884,0.00504237358694692
"1055",2018-11-07,0.00533544437992584,0.0116198376642176
"1056",2018-11-08,-0.0017826325367879,-0.0184428742658043
"1057",2018-11-09,0.00299079289687798,-0.0165450197144998
"1058",2018-11-12,-0.000639124228251742,-0.0546825659046425
"1059",2018-11-13,0.0031814501659404,0.0199365333474268
"1060",2018-11-14,-0.000651710809648987,-0.000462637308201952
"1061",2018-11-15,-0.00163521221936047,0.0212424891813876
"1062",2018-11-16,0.0112512341661597,-0.0607574522408438
"1063",2018-11-19,0.0023138802764715,-0.0643114804618408
"1064",2018-11-20,-0.00218470655633962,-0.00739932854136471
"1065",2018-11-21,-0.0105452997432198,0.00882205693174054
"1066",2018-11-23,-0.000335871134167776,0.000295302838731359
"1067",2018-11-26,0.0013596867054253,0.0337565224444623
"1068",2018-11-27,0.00734381864167144,0.00218682229722589
"1069",2018-11-28,-0.00132297264108294,0.0326997939782248
"1070",2018-11-29,0.00202271861197301,-0.011741561125477
"1071",2018-11-30,0.0116376603969746,0.0143156519936189
"1072",2018-12-03,0.00642860150392788,0.0349527785854806
"1073",2018-12-04,0.000864894161155982,-0.0691426810489106
"1074",2018-12-06,0.00490732653011472,-0.0128161796971273
"1075",2018-12-07,0.00152134805765947,-0.0519990500213418
"1076",2018-12-10,0.002465065805759,0.00647434752589859
"1077",2018-12-11,0.00446954129874455,-0.00642551428462468
"1078",2018-12-12,-0.00340253760020093,0.0104470448969731
"1079",2018-12-13,0.00755050349686481,-0.0112690483379752
"1080",2018-12-14,-0.00868186835082441,-0.0169385558638274
"1081",2018-12-17,-0.0306925379123778,-0.0235086173589171
"1082",2018-12-18,-0.00386525561093998,0.00668653774467853
"1083",2018-12-19,-0.00589526281694286,-0.0392626027492533
"1084",2018-12-20,-0.000904785485746906,-0.0160858674062919
"1085",2018-12-21,-0.00843272150801133,-0.0319938280852676
"1086",2018-12-24,-0.0415596633325839,-0.0226026024296897
"1087",2018-12-26,0.0217998731301863,0.05978294697605
"1088",2018-12-27,0.00904763109519902,0.0010364125191431
"1089",2018-12-28,-0.000515517926074849,-0.00087178690795009
"1090",2018-12-31,0.00468442504024846,0.00568845449788413
"1091",2019-01-02,-0.0209341248357995,0.0124501289744576
"1092",2019-01-03,0.00302209767883355,-0.049147065098711
"1093",2019-01-04,0.00968047190501098,0.0534046420913075
"1094",2019-01-07,-0.00211806705427542,0.0314067590530731
"1095",2019-01-08,0.00803886218753358,0.00689679358462691
"1096",2019-01-09,-0.00633174732597752,0.0194638847294928
"1097",2019-01-10,0.0118711190218732,0.00935068044460108
"1098",2019-01-11,-0.00248573673828301,0.00587739833633671
"1099",2019-01-14,-0.011262532569987,-0.00492177319179754
"1100",2019-01-15,0.0120822167588444,0.00182930065261355
"1101",2019-01-16,0.00337120295661197,0.00788372808514004
"1102",2019-01-17,0.00485128636805365,0.0147353007810975
"1103",2019-01-18,0.00368392103881487,0.0282318193779831
"1104",2019-01-22,-0.00230059849249675,-0.0313779228389721
"1105",2019-01-23,0.00523322321757735,-0.00252754723986925
"1106",2019-01-24,-0.00898982009289173,0.026690680439061
"1107",2019-01-25,-0.00587852975520264,0.0296279240857003
"1108",2019-01-28,0.00133130723396269,-0.0480346564110977
"1109",2019-01-29,0.00102337314321277,-0.0176655134563496
"1110",2019-01-30,0.00149491979049032,0.0400394374807316
"1111",2019-01-31,0.0170164270314708,0.0261068566894613
"1112",2019-02-01,-0.00535420078320059,0.00715303317963634
"1113",2019-02-04,0.00414946810460259,0.0074286511173447
"1114",2019-02-05,-0.000449145237587878,-0.00366374480985676
"1115",2019-02-06,0.000537606031461468,0.00951571698700016
"1116",2019-02-07,0.010522311494771,-0.0248764827054475
"1117",2019-02-08,0.00627800095608966,0.0100208141429079
"1118",2019-02-11,0.00269286356737952,-0.00119010406057529
"1119",2019-02-12,0.00176459603264245,0.0246756089015252
"1120",2019-02-13,0.00019449598271426,0.00758655324661639
"1121",2019-02-14,-0.00427045719931307,-0.000633508896275004
"1122",2019-02-15,0.00506938841832993,0.0166969459005746
"1123",2019-02-19,0.00645851947156606,0.0022262580801522
"1124",2019-02-20,0.00152457857935318,0.00566726544983198
"1125",2019-02-21,0.0037544844197297,-0.0101393988028046
"1126",2019-02-22,0.011516300897167,0.0147922966975242
"1127",2019-02-25,-0.00676708683239136,0.00868601392163959
"1128",2019-02-26,-0.00294888179121622,-0.00721061513585008
"1129",2019-02-27,0.0039397990122978,-0.00617612493978215
"1130",2019-02-28,0.00704453708298014,-0.00641050610971738
"1131",2019-03-01,0.000138005151934406,0.0101955425776084
"1132",2019-03-04,-0.0000503625306477185,-0.00903875086272787
"1133",2019-03-05,-0.00132063059163767,-0.0142770637344392
"1134",2019-03-06,-0.00345015708562446,-0.0256201382734956
"1135",2019-03-07,-0.00149950922567221,-0.0126793926282736
"1136",2019-03-08,0.00295744861920966,-0.00116723082669379
"1137",2019-03-11,0.00943852488626606,0.0321577401735686
"1138",2019-03-12,0.00593313976664867,0.00901947848217666
"1139",2019-03-13,0.00289386280783455,0.00986566936257449
"1140",2019-03-14,-0.000942463908929492,-0.0129357781830319
"1141",2019-03-15,0.00449596341161262,0.0152530516680027
"1142",2019-03-18,-0.00231281819951701,0.00171247926441431
"1143",2019-03-19,-0.00788943668706066,0.0209363748240923
"1144",2019-03-20,0.00222890870319636,-0.0081964604247281
"1145",2019-03-21,0.0138129849381479,0.0368275808833103
"1146",2019-03-22,0.00390125933611229,-0.0440616679171013
"1147",2019-03-25,0.00409417415665048,-0.00500193179776764
"1148",2019-03-26,0.00715282545195062,0.011452835304933
"1149",2019-03-27,-0.0037536954313927,-0.0120723754234078
"1150",2019-03-28,-0.00167424766554991,0.00836975613625479
"1151",2019-03-29,0.00229456811142992,0.0157085187740906
"1152",2019-04-01,-0.00436519641751876,0.0278391700353211
"1153",2019-04-02,0.00135539096758519,0.00546485136032704
"1154",2019-04-03,-0.00321638548714787,0.0209127975153642
"1155",2019-04-04,-0.000844870087784777,0.000596731509832971
"1156",2019-04-05,0.0083225176698003,0.0112966108249051
"1157",2019-04-08,-0.00210541522987984,-0.000255257011121279
"1158",2019-04-09,0.00151651575392275,-0.0202899144903496
"1159",2019-04-10,0.0000187820446297948,0.0154072016741806
"1160",2019-04-11,0.0014796357263116,0.00165229965658154
"1161",2019-04-12,0.0050714693017746,0.00950252186530043
"1162",2019-04-15,0.000710815745767146,-0.0115049561426545
"1163",2019-04-16,-0.0100718474127104,0.0110161125441719
"1164",2019-04-17,-0.00207797800710396,-0.0118180715679248
"1165",2019-04-18,0.00200516302351073,0.00468167621639037
"1166",2019-04-22,-0.00410282052165967,0.0102097485007597
"1167",2019-04-23,0.00198297368055478,0.0101838447360787
"1168",2019-04-24,0.00584440358150262,0.00138308274486287
"1169",2019-04-25,0.00433362325718045,-0.017113531844978
"1170",2019-04-26,0.00579369511420058,0.00185692665034809
"1171",2019-04-29,-0.00362450959502125,0.00194226852260604
"1172",2019-04-30,0.0130034840638888,0.00512719065565581
"1173",2019-05-01,-0.00739939551779734,-0.011737781649621
"1174",2019-05-02,0.000992757301742753,0.00483233109636005
"1175",2019-05-03,0.00557877360928094,0.00648474188455106
"1176",2019-05-06,0.000929626370766989,-0.0154921413075172
"1177",2019-05-07,-0.0100755285602413,-0.0252823845594291
"1178",2019-05-08,-0.00465933597644552,0.000104128349964761
"1179",2019-05-09,0.000283541103522245,-0.00924134433425328
"1180",2019-05-10,0.0142944867147978,-0.00079250159915456
"1181",2019-05-13,0.00806571474298678,-0.0536796033288474
"1182",2019-05-14,-0.00213472772156231,0.0253288178771194
"1183",2019-05-15,0.00118817033415186,0.00210431055023741
"1184",2019-05-16,0.00587928878895028,0.00492203506973943
"1185",2019-05-17,0.00420191026645411,-0.0198115626728689
"1186",2019-05-20,0.00215143549252983,-0.0188010260419765
"1187",2019-05-21,-0.000828915976279321,0.0165577642805828
"1188",2019-05-22,0.00539741557010509,-0.0144326213197298
"1189",2019-05-23,0.00488909442777841,-0.0340624802165054
"1190",2019-05-24,-0.000637898332610631,-0.00137579540801491
"1191",2019-05-28,-0.0174736056909093,-0.00413026485299017
"1192",2019-05-29,-0.00533925793936263,-0.0148581093865534
"1193",2019-05-30,0.00519684308542989,-0.00564959613060478
"1194",2019-05-31,0.0125865593835353,-0.0327675209069221
"1195",2019-06-03,0.00884215408821776,-0.00177846951777427
"1196",2019-06-04,-0.00081169497175082,0.0515954542406618
"1197",2019-06-05,0.0269736124446482,-0.00284610268430741
"1198",2019-06-06,0.00807156301157286,0.0169792459639981
"1199",2019-06-07,0.000437641490102392,0.0102061822616559
"1200",2019-06-10,-0.00418689827929164,0.0179147509356763
"1201",2019-06-11,-0.00705154607758673,-0.000783474184686717
"1202",2019-06-12,0.002581700778165,-0.013154340063822
"1203",2019-06-13,-0.00249415996198354,0.00702393456629458
"1204",2019-06-14,0.00633853791107408,-0.0170934186347947
"1205",2019-06-17,-0.00270841609246664,-0.0144887980782206
"1206",2019-06-18,-0.00374979491191962,0.0305338194433551
"1207",2019-06-19,0.0121139129286143,0.00345996394032966
"1208",2019-06-20,0.00434418243661105,0.00987991405542088
"1209",2019-06-21,-0.00104495393476078,-0.0126590572178015
"1210",2019-06-24,0.000744598338664249,-0.0015650975296555
"1211",2019-06-25,-0.0122417670352577,-0.0127134172008927
"1212",2019-06-26,-0.0194947952568713,0.0191220668934136
"1213",2019-06-27,0.00512904805597514,0.0146023944126943
"1214",2019-06-28,0.00363186233320612,0.00696442572787492
"1215",2019-07-01,0.0000670829415245766,0.0133424188298226
"1216",2019-07-02,0.0143378592123231,-0.0112987804686432
"1217",2019-07-03,0.0142373063917194,0.00449348067769439
"1218",2019-07-05,-0.0016243187899504,-0.00211885101257403
"1219",2019-07-08,0.00121140844151024,-0.012764689928895
"1220",2019-07-09,0.00198285666746933,0.00818613797633172
"1221",2019-07-10,0.00585417099065677,0.0124248436064804
"1222",2019-07-11,0.000550225598950238,0.00488044059518855
"1223",2019-07-12,-0.00035207688239669,0.012379532709264
"1224",2019-07-15,0.00381905866301291,-0.000612777738345005
"1225",2019-07-16,-0.00184592640314996,-0.00773015275150024
"1226",2019-07-17,0.00526440060728306,-0.00380762329874085
"1227",2019-07-18,0.00849347085665841,-0.000443596258169476
"1228",2019-07-19,-0.0146084317866366,-0.00521335100166465
"1229",2019-07-22,0.00118949350511732,0.00476561284442556
"1230",2019-07-23,-0.00169702306073172,0.0130733809560433
"1231",2019-07-24,-0.0173733195461515,0.0163489872785763
"1232",2019-07-25,0.0025368013918563,-0.0558238018196107
"1233",2019-07-26,0.00747833573511802,0.00439847508235602
"1234",2019-07-29,0.000372630159045872,-0.0100112360460857
"1235",2019-07-30,-0.00391186958492862,0.00517299029538676
"1236",2019-07-31,-0.00474062465581626,-0.0262631886637565
"1237",2019-08-01,0.0112072458313912,-0.0309094203500464
"1238",2019-08-02,0.00191536936369285,-0.0228864977634932
"1239",2019-08-05,-0.00940877272705365,-0.0469717485511725
"1240",2019-08-06,0.0127574100119876,0.00833329770113056
"1241",2019-08-07,0.0104138035734798,-0.00491055359529158
"1242",2019-08-08,0.010722491777629,0.0459409580328103
"1243",2019-08-09,0.00533476586759685,-0.0458876864895603
"1244",2019-08-12,0.00181005569615222,-0.0263064107063883
"1245",2019-08-13,0.00195984196995536,0.0173062255956284
"1246",2019-08-14,-0.0122380016343558,-0.0471599375261263
"1247",2019-08-15,0.0181483095442274,-0.011249543969678
"1248",2019-08-16,0.00192599764660328,0.0382592658053356
"1249",2019-08-19,0.00406011921968785,0.0328970687319776
"1250",2019-08-20,-0.00325541101698668,-0.0137432740860203
"1251",2019-08-21,0.00917195470067034,0.0143999819773568
"1252",2019-08-22,0.00534359110244731,0.00192003270579977
"1253",2019-08-23,-0.00921732932499619,-0.0444384621520775
"1254",2019-08-26,0.0116555460451326,0.011613218077376
"1255",2019-08-27,0.00596059316542896,-0.0125113636638411
"1256",2019-08-28,-0.000357618691835704,0.0032545877095127
"1257",2019-08-29,-0.0022602835646599,0.0264114503295747
"1258",2019-08-30,0.00312678676617528,0.00554855627207429
