"","Date","Market_Return","Risk_Free"
"1",2014-09-03,-0.00054835605162129,0.000236913434848773
"2",2014-09-04,-0.00144758244739851,-0.000118449701427714
"3",2014-09-05,0.00448530003801917,0.000354730794491331
"4",2014-09-08,-0.00258893117676617,-0.000591948046752222
"5",2014-09-09,-0.00635134592431097,-0.000590868924165378
"6",2014-09-10,0.00375577795300064,0.000117782881365436
"7",2014-09-11,0.00114871857951648,0.000118621631330029
"8",2014-09-12,-0.00585839821137135,-0.000236404512695465
"9",2014-09-15,-0.000753524309824449,0.000473141754338435
"10",2014-09-16,0.00751010670673402,0.00059135372622876
"11",2014-09-17,0.0013457184887784,-0.0010644954805672
"12",2014-09-18,0.00531612126083036,0.000117782881365436
"13",2014-09-19,-0.000901537583673395,-0.000117782881365436
"14",2014-09-22,-0.0077530562820014,0.000709622443005209
"15",2014-09-23,-0.00574068394081539,0.000236913434848773
"16",2014-09-24,0.00779743555499124,-0.000355666953688605
"17",2014-09-25,-0.0162671188489103,0.000710631294649211
"18",2014-09-26,0.00791398214787531,-0.00047341404238832
"19",2014-09-29,-0.00182075636592938,0.000236409304140928
"20",2014-09-30,-0.00263581431958215,-0.000236409304140928
"21",2014-10-01,-0.0136446993613744,0.00106466631477176
"22",2014-10-02,0.00015464127063769,-0.000117962090666168
"23",2014-10-03,0.0109490482119323,-0.000946603975116922
"24",2014-10-06,-0.00117104074663921,0.000946603975116922
"25",2014-10-07,-0.015556662983923,0.000591060170438418
"26",2014-10-08,0.0173380296483607,0.00106313122481794
"27",2014-10-09,-0.0200323818608359,0
"28",2014-10-10,-0.0114798971936967,0.000471897300464263
"29",2014-10-13,-0.0165635093392202,0.000354117199405479
"30",2014-10-14,0.00154636854064893,0.000589596467485798
"31",2014-10-15,-0.0067893869676201,0.00129588739614483
"32",2014-10-16,-0.00085874140759401,-0.000588832686855056
"33",2014-10-17,0.0117417937270714,-0.000589266971044111
"34",2014-10-20,0.0096631564363916,0.000589266971044111
"35",2014-10-21,0.0196171688928146,-0.000235438076598982
"36",2014-10-22,-0.00713634860510304,-0.000235680689963935
"37",2014-10-23,0.0115577484326312,-0.000471540565409434
"38",2014-10-24,0.00766543616129045,0.000235604622682573
"39",2014-10-27,-0.0013751175312926,0
"40",2014-10-28,0.0114045498768434,-0.000235604622682573
"41",2014-10-29,-0.00151309197192528,-0.00129797484769512
"42",2014-10-30,0.00639020887397379,0.000353851271942318
"43",2014-10-31,0.0113706312681012,-0.00023588276892017
"44",2014-11-03,0.000545255187075711,-0.000129881120584763
"45",2014-11-04,-0.00347533819555412,-0.000118371378730942
"46",2014-11-05,0.00629643207913588,-0.000236284615708016
"47",2014-11-06,0.00399494952503332,-0.000235852663525549
"48",2014-11-07,0.000934916319985213,0.000708366077709854
"49",2014-11-10,0.0031426832948549,-0.000708366077709854
"50",2014-11-11,0.000979958706833983,-0.000118716502261584
"51",2014-11-12,-0.0010779256688771,0.000354569165787133
"52",2014-11-13,0.00112694139535385,0.000236284615708016
"53",2014-11-14,0.000244869599781872,0.000472214369471757
"54",2014-11-17,0.000636235687168529,-0.000117742128005638
"55",2014-11-18,0.00575730375717143,-0.000118243442989829
"56",2014-11-19,-0.00160662769037856,-0.000117857419745349
"57",2014-11-20,0.00175243525725932,0.000236100862735178
"58",2014-11-21,0.00533628821646204,0.000236332501071246
"59",2014-11-24,0.00280245676480284,0.000117526914277022
"60",2014-11-25,-0.000723913077703919,0.000118275075834617
"61",2014-11-26,0.00255575932551366,0.000118460926405994
"62",2014-11-28,-0.00212136351724634,0.000353463244442409
"63",2014-12-01,-0.00697424355370924,-0.000011911194329528
"64",2014-12-02,0.00644319610825672,-0.000590193785804161
"65",2014-12-03,0.00385560014472741,-0.000472495945584406
"66",2014-12-04,-0.00110671379403726,0.000590859869967097
"67",2014-12-05,0.00163555365029477,-0.0018909630457653
"68",2014-12-08,-0.00670477520000201,-0.000118024723350096
"69",2014-12-09,-0.000678128568698533,0.000354595436951044
"70",2014-12-10,-0.0161611613843018,0.000827688314720909
"71",2014-12-11,0.00505722827463906,-0.000473106001435575
"72",2014-12-12,-0.0162936108158052,0.000945126060846846
"73",2014-12-15,-0.00689324230992039,-0.000708882710689807
"74",2014-12-16,-0.00805194846279012,0.000591139156912668
"75",2014-12-17,0.0194152143901878,-0.000946012974254451
"76",2014-12-18,0.0244280389056621,-0.000590547283051635
"77",2014-12-19,0.0042460179822692,-0.000710545300266041
"78",2014-12-22,0.00458939238113043,0.00023716750845626
"79",2014-12-23,0.00134864206027441,-0.0010660234808606
"80",2014-12-24,0.0000962967448758789,0.000509254023935313
"81",2014-12-26,0.00321938488271822,-0.000355287431247575
"82",2014-12-29,0.00134253351249125,0.000947394878586749
"83",2014-12-30,-0.00538041643746556,0.000355714629575843
"84",2014-12-31,-0.00997261749992351,-0.000355714629575843
"85",2015-01-02,-0.000535413087472847,0.00106523844640183
"86",2015-01-05,-0.0182246748673309,0
"87",2015-01-06,-0.00946351026532355,0.000472957235875704
"88",2015-01-07,0.0123841372870546,0.000473208536836189
"89",2015-01-08,0.0175893402246921,-0.000118427999177051
"90",2015-01-09,-0.00804583960158034,0.000827053190330496
"91",2015-01-12,-0.00786442842411894,0.000590162608970601
"92",2015-01-13,-0.00281663019156042,0.000590101409693844
"93",2015-01-14,-0.0060555180963302,0.000589267221210221
"94",2015-01-15,-0.00920267719014056,0.00153139773980637
"95",2015-01-16,0.0130288822088938,-0.000942091331340045
"96",2015-01-20,0.00213030474574083,-0.000471571901214496
"97",2015-01-21,0.00503539992940016,0
"98",2015-01-22,0.0147614563228142,-0.000353718934123393
"99",2015-01-23,-0.00549780062999794,0.000472112587274864
"100",2015-01-26,0.00233902294377408,-0.000589701693018085
"101",2015-01-27,-0.0132783603005056,0.000589701693018085
"102",2015-01-28,-0.0129071874500237,0.000706717521516964
"103",2015-01-29,0.00920102862003258,-0.00035353927345394
"104",2015-01-30,-0.0126546172669659,0.0011777586529611
"105",2015-02-02,0.0123080566397995,-0.000317994714831293
"106",2015-02-03,0.0143574897327348,-0.000824880289918895
"107",2015-02-04,-0.00381515013088318,0.000118234056717625
"108",2015-02-05,0.0100445055748999,-0.000353884295565265
"109",2015-02-06,-0.00276906668834886,-0.00236073576014029
"110",2015-02-09,-0.00448593387879637,-0.000117418692093807
"111",2015-02-10,0.010596944152927,-0.00023666554291335
"112",2015-02-11,0.000580181340110286,0.000118296045311439
"113",2015-02-12,0.00957060909177798,0.000353942445009636
"114",2015-02-13,0.00410819504181603,0
"115",2015-02-17,0.00157172480698797,-0.000472238490321075
"116",2015-02-18,0.0000951367936528058,0.00118109564849878
"117",2015-02-19,-0.000714018609571099,-0.000590229842796219
"118",2015-02-20,0.00598262641345393,-0.000118627315381481
"119",2015-02-23,-0.000141833852999262,0.000472689681525473
"120",2015-02-24,0.00283649101400307,0.000826336031054531
"121",2015-02-25,-0.000850139149324747,0
"122",2015-02-26,-0.00118200421254233,-0.000944534323683577
"123",2015-02-27,-0.00341177719742003,0.000354365769281273
"124",2015-03-02,0.00629365874878118,-0.00081500800269918
"125",2015-03-03,-0.00411273574004056,-0.000236547457562075
"126",2015-03-04,-0.00422441098246473,0.000236547457562075
"127",2015-03-05,0.00109348755898431,0.00035415443252873
"128",2015-03-06,-0.0141642994941451,-0.00106396473552284
"129",2015-03-09,0.00413592872256086,0.000473262845432032
"130",2015-03-10,-0.0163546666407051,0.000236547457562075
"131",2015-03-11,-0.00234455852007098,0
"132",2015-03-12,0.0126338129172519,0.000236678828779091
"133",2015-03-13,-0.00615134751471835,0.000117475603749639
"134",2015-03-16,0.0132721742642596,0.000118298271205575
"135",2015-03-17,-0.00297700585105254,-0.000235773874955214
"136",2015-03-18,0.0119499621166197,0.00236053565243655
"137",2015-03-19,-0.00457194563840879,-0.00129785137019311
"138",2015-03-20,0.0087883359295855,0.000707812697990917
"139",2015-03-23,-0.00195054663229222,0.00035400516630979
"140",2015-03-24,-0.00563496501587135,0.000353892347598972
"141",2015-03-25,-0.0147621248851104,-0.000236292255087811
"142",2015-03-26,-0.00238434685439959,-0.000471605258820951
"143",2015-03-27,0.0022870526530312,0.000590038672202198
"144",2015-03-30,0.0121261939277773,-0.000118433413381247
"145",2015-03-31,-0.00877807648545659,0.00082534084522834
"146",2015-04-01,-0.00354240473544465,0.000435766258522818
"147",2015-04-02,0.00359089306337523,-0.000117638550531041
"148",2015-04-06,0.00671062849462434,0.000824398021979533
"149",2015-04-07,-0.0026501672972632,-0.000706759471448493
"150",2015-04-08,0.00337157144202127,0
"151",2015-04-09,0.00441383274976026,-0.000353143899751274
"152",2015-04-10,0.00544222236290981,-0.000236033969594374
"153",2015-04-13,-0.00453309726652229,0.000589177869345647
"154",2015-04-14,0.00191109091949127,0.000471547719004484
"155",2015-04-15,0.00447713944487305,0
"156",2015-04-16,-0.00028527072750073,0.000470654132180393
"157",2015-04-17,-0.0115701388095193,-0.000470654132180393
"158",2015-04-20,0.00909542652789419,-0.00011795627134692
"159",2015-04-21,-0.00119214438088999,0.00011795627134692
"160",2015-04-22,0.00490239752032195,-0.000824691618755757
"161",2015-04-23,0.00251288556466811,0.000470955248728977
"162",2015-04-24,0.00231799329116278,0.00035373637002678
"163",2015-04-27,-0.00416670695411536,-0.00011795627134692
"164",2015-04-28,0.0031736791155641,-0.000471229998188605
"165",2015-04-29,-0.00412300131296295,0.000117638550531041
"166",2015-04-30,-0.0100709250797522,-0.000117638550531041
"167",2015-05-01,0.0107829402428488,-0.000412734148103944
"168",2015-05-04,0.00284325529518092,0
"169",2015-05-05,-0.0115177457536522,-0.000235502954827105
"170",2015-05-06,-0.00412536840204769,-0.000354361307006279
"171",2015-05-07,0.00398186079805729,-0.00035391366214288
"172",2015-05-08,0.013079976604593,0.00141518996459755
"173",2015-05-11,-0.00478412152118679,-0.000943146065904621
"174",2015-05-12,-0.0029958423237888,0.000118116283444714
"175",2015-05-13,0.000190488943514033,0.000471491587628492
"176",2015-05-14,0.010373724487672,0.000943262016479096
"177",2015-05-15,0.00108326471145492,0
"178",2015-05-18,0.00310180411006566,-0.000589723821647681
"179",2015-05-19,-0.00032836394040725,-0.000589399397583179
"180",2015-05-20,-0.00070452778802732,0.000354107028616824
"181",2015-05-21,0.00290836700609187,0.000353496400274267
"182",2015-05-22,-0.00239186734234131,-0.00070760342889109
"183",2015-05-26,-0.0108098258279989,0.000117987356961891
"184",2015-05-27,0.00944753212584448,0.000117873845789873
"185",2015-05-28,-0.00112897483143115,0.000471742226139327
"186",2015-05-29,-0.00623226112031183,0.000235495342484349
"187",2015-06-01,0.00203440457061621,-0.000624990570634587
"188",2015-06-02,-0.000993243348949235,-0.000117864150847247
"189",2015-06-03,0.00264599033230084,-0.000354061895796676
"190",2015-06-04,-0.00848241369735625,0.00011800550584784
"191",2015-06-05,-0.00171462689824953,-0.000944209831175158
"192",2015-06-08,-0.00616848558077443,0.0005903508377747
"193",2015-06-09,-0.00014395406408152,-0.00047234750193681
"194",2015-06-10,0.0119217961384832,-0.00023612032284781
"195",2015-06-11,0.0032185073562836,0.00023612032284781
"196",2015-06-12,-0.00768442488928223,-0.00023612032284781
"197",2015-06-15,-0.00429463871914848,0.00047208522837483
"198",2015-06-16,0.00543684971584835,0.000354515578261605
"199",2015-06-17,0.00161575035355277,0.00070769595660547
"200",2015-06-18,0.0103457134715015,0.000235845469482854
"201",2015-06-19,-0.00444916000326945,0.000235789859512003
"202",2015-06-22,0.0051100685152452,-0.000707548884102849
"203",2015-06-23,0.000707764186539173,-0.000236056389948835
"204",2015-06-24,-0.00728936844865835,0.000471969945056827
"205",2015-06-25,-0.00304488979686202,-0.000235913555107992
"206",2015-06-26,-0.000190820883580578,-0.000589915383349293
"207",2015-06-29,-0.0211930768452939,0.00165086452023377
"208",2015-06-30,0.00209080298809461,0
"209",2015-07-01,0.00798373732852475,-0.000848783751703053
"210",2015-07-02,-0.000916139738774469,0.0015326413251886
"211",2015-07-06,-0.00284990906551918,0.000235303542218901
"212",2015-07-07,0.00626894903322395,-0.000117545440114775
"213",2015-07-08,-0.0169195976190659,0.00105973313331464
"214",2015-07-09,0.00180737849377266,-0.000706268724991688
"215",2015-07-10,0.0125129143698492,-0.000942567707593156
"216",2015-07-13,0.010976686586031,-0.000471567468230738
"217",2015-07-14,0.00432871501804843,0.000471567468230738
"218",2015-07-15,-0.000332336293089597,0.000353386788746413
"219",2015-07-16,0.00799239025381748,-0.000471301332347629
"220",2015-07-17,0.000847505808846627,-0.000235783741101336
"221",2015-07-20,0.000517388016533893,-0.000589186210892656
"222",2015-07-21,-0.00395900190441356,0.000117451881202157
"223",2015-07-22,-0.00179621713300282,-0.000117451881202157
"224",2015-07-23,-0.00564580341872389,0.000117451881202157
"225",2015-07-24,-0.0104261909348393,0.000236081595096138
"226",2015-07-27,-0.00583442803129053,0.00070725166069785
"227",2015-07-28,0.0122083900537433,-0.000235815185002153
"228",2015-07-29,0.00685536598540093,-0.000235783741101336
"229",2015-07-30,0.000237206776751542,-0.000471734329690499
"230",2015-07-31,-0.00151901904818263,0.00106076006434996
"231",2015-08-03,-0.00337868559094279,0.000330451501319828
"232",2015-08-04,-0.00195611295177223,-0.00153335523480358
"233",2015-08-05,0.00328999111754058,0.000118114320874163
"234",2015-08-06,-0.00822138389294302,0.000236099708584625
"235",2015-08-07,-0.00192182601681434,-0.000472056020139
"236",2015-08-10,0.012520532428173,0
"237",2015-08-11,-0.00906418614714344,0.0012975995870983
"238",2015-08-12,0.0011972229593562,0
"239",2015-08-13,-0.00124503387930375,-0.000825543566959297
"240",2015-08-14,0.0036356610798487,-0.000472056020139
"241",2015-08-17,0.00557124840653156,0.000590501705115543
"242",2015-08-18,-0.00290087612112266,-0.000118445684976543
"243",2015-08-19,-0.00793680997634194,0.000943419196175022
"244",2015-08-20,-0.0211024715554027,-0.000353681013699259
"245",2015-08-21,-0.0305648475555236,0.0010608667223666
"246",2015-08-24,-0.0430190598635463,0.000470757347603268
"247",2015-08-25,-0.0118376571759091,-0.000470757347603268
"248",2015-08-26,0.0376752170110386,-0.000589224548425804
"249",2015-08-27,0.0244341893392379,0.000117760848928228
"250",2015-08-28,0.0000501511577617464,-0.000471686082366141
"251",2015-08-31,-0.00811201383882487,-0.000353951046403012
"252",2015-09-01,-0.0303021650571287,0.000354236991681134
"253",2015-09-02,0.0188033167810655,0.000236150447739725
"254",2015-09-03,0.00071607529699147,0
"255",2015-09-04,-0.0152525006434878,0.000117687688493184
"256",2015-09-08,0.0248203203817079,-0.000353838136232909
"257",2015-09-09,-0.0134618598301284,-0.000235733685192585
"258",2015-09-10,0.0054270380476984,0.000353349719820706
"259",2015-09-11,0.00453390976464529,0.000354169325198939
"260",2015-09-14,-0.00371755309743804,-0.000235634912087335
"261",2015-09-15,0.012422079661718,-0.00141642052521096
"262",2015-09-16,0.00862915571799405,-0.000118142251511522
"263",2015-09-17,-0.00225057080099056,0.00224174815148981
"264",2015-09-18,-0.0164763362570524,0.000471427526247403
"265",2015-09-21,0.00515451455501559,-0.000589132809471593
"266",2015-09-22,-0.0130646092890929,0.000589132809471593
"267",2015-09-23,-0.00160013785580571,-0.00035393480342627
"268",2015-09-24,-0.00362225338029365,0.00058983831303383
"269",2015-09-25,-0.000259358214536043,-0.000471788176286125
"270",2015-09-28,-0.0254174403209664,0.000706606103527463
"271",2015-09-29,0.000584929501131093,0.000471455004177557
"272",2015-09-30,0.0184862380674646,0.000234937364799848
"273",2015-10-01,0.00260599478675516,1.86003283886294e-07
"274",2015-10-02,0.014827103703448,0.00141128926521361
"275",2015-10-05,0.0176386061385791,-0.000705110661739283
"276",2015-10-06,-0.00343217841957433,-0.000117986089736455
"277",2015-10-07,0.00815711406509045,-0.000235468532524763
"278",2015-10-08,0.00898624955975169,-0.00023512723062602
"279",2015-10-09,0.000596031153863308,0
"280",2015-10-12,0.000943301110168271,-0.000235294143533515
"281",2015-10-13,-0.0063221002767877,0.000353050628961071
"282",2015-10-14,-0.00480542157433206,0.00141114308427071
"283",2015-10-15,0.0152376187354397,-0.000587743593147394
"284",2015-10-16,0.00453649552245494,-0.000470560213400084
"285",2015-10-19,0.000491658965758646,0.000352603329068835
"286",2015-10-20,-0.00127916495188263,-0.000588071861593598
"287",2015-10-21,-0.00622262325561707,0.000353454622261218
"288",2015-10-22,0.0167525786174609,0.000352574123663629
"289",2015-10-23,0.0109016860603859,-0.000823399491123311
"290",2015-10-26,-0.0024604808056452,0
"291",2015-10-27,-0.0019343480759666,0.000352839277723227
"292",2015-10-28,0.0113105981186967,-0.00129495702075566
"293",2015-10-29,-0.000574532311950371,-0.00070707810994719
"294",2015-10-30,-0.00431901529445344,0
"295",2015-11-02,0.0117615806473763,-0.000578462459477791
"296",2015-11-03,0.00289499470598731,-0.000117646322189913
"297",2015-11-04,-0.003037714215127,-0.00106296060142697
"298",2015-11-05,-0.000998958370970193,0
"299",2015-11-06,-0.00052351816055296,-0.000945236118034209
"300",2015-11-09,-0.00937506741969507,-0.000236865920670404
"301",2015-11-10,0.00230409583581448,0.0004730906722763
"302",2015-11-11,-0.00393953760120169,-0.000236224751605896
"303",2015-11-12,-0.0140582570677017,0.000354453121652831
"304",2015-11-13,-0.0112917621421653,0.000827269622428517
"305",2015-11-16,0.0150924514816415,0
"306",2015-11-17,-0.000729707878956987,-0.000354172403787878
"307",2015-11-18,0.0157413759039366,-0.000354870379383421
"308",2015-11-19,-0.000862551020142988,-0.000236455209304154
"309",2015-11-20,0.00363733864131799,0
"310",2015-11-23,-0.00114733428235425,-0.00011825479956773
"311",2015-11-24,0.00133857695088668,0
"312",2015-11-25,-0.000143428572500603,0.00011825479956773
"313",2015-11-27,0.00114604212249958,0.000236455209304154
"314",2015-11-30,-0.00416037165624239,-0.000354710008871884
"315",2015-12-01,0.00949062637559717,0.000603265630593874
"316",2015-12-02,-0.0102574331375758,-0.000827924774665867
"317",2015-12-03,-0.0141018079422324,0
"318",2015-12-04,0.0193151743240918,0.000236536297405721
"319",2015-12-07,-0.00607690078203493,-0.000118553759319795
"320",2015-12-08,-0.0067422203869949,-0.000117982538085926
"321",2015-12-09,-0.00781024904070371,0.000355163141469994
"322",2015-12-10,0.00257805916581866,-0.000592141527193668
"323",2015-12-11,-0.0195714986666333,0.00118307420568708
"324",2015-12-14,0.00503974984260935,-0.00118307420568708
"325",2015-12-15,0.0104431738622308,-0.000117937227213538
"326",2015-12-16,0.0145258045724308,-0.000828905063162466
"327",2015-12-17,-0.015355315949714,0
"328",2015-12-18,-0.0179757231450033,0.0013018032141856
"329",2015-12-21,0.00821513396121354,-0.000117982538085926
"330",2015-12-22,0.00903357665681792,-0.000236978385723674
"331",2015-12-23,0.0123073433992618,-0.000355186646554095
"332",2015-12-24,-0.00165192465497555,0.000391294978703272
"333",2015-12-28,-0.00228767570605015,-0.000592184326900558
"334",2015-12-29,0.010615461925461,-0.000236879711627225
"335",2015-12-30,-0.00711303942605213,0.000236879711627225
"336",2015-12-31,-0.0100536612288407,-0.000474089855662108
"337",2016-01-04,-0.0140780777271585,0.00130324401256043
"338",2016-01-05,0.001689865979146,-0.000592330543979891
"339",2016-01-06,-0.0126945384228749,0.000592330543979891
"340",2016-01-07,-0.0242840940299605,0.000355063187740257
"341",2016-01-08,-0.0110371371363707,0.000709549365273787
"342",2016-01-11,0.000989401328220119,0.000354486497416318
"343",2016-01-12,0.0080360598851561,0.000118581839672061
"344",2016-01-13,-0.0252568071693648,0.000590884201436381
"345",2016-01-14,0.0162832679830851,0.000235739163946036
"346",2016-01-15,-0.0216997628133475,0.000826598491399544
"347",2016-01-19,0.00133033812044658,-0.000118001111949262
"348",2016-01-20,-0.0128980140587212,0.000708095624725402
"349",2016-01-21,0.005586455769925,-0.000118303698783073
"350",2016-01-22,0.0203076624263421,-0.000353605046557348
"351",2016-01-25,-0.0152320229100456,0
"352",2016-01-26,0.0135508103977262,0.000471908745340421
"353",2016-01-27,-0.0109428127046938,0.000235734461385917
"354",2016-01-28,0.00519576403837707,0
"355",2016-01-29,0.0240848363082167,0.00117839691434529
"356",2016-02-01,-0.00036159581769013,-0.000530534380473568
"357",2016-02-02,-0.018186481441127,0.00129624971957298
"358",2016-02-03,0.00597718757082877,0.000235406846680775
"359",2016-02-04,0.00156694315441364,0.000235450422829686
"360",2016-02-05,-0.0192339754496995,-0.000235450422829686
"361",2016-02-08,-0.0135523699318618,0.00117687118752841
"362",2016-02-09,0.0000540960732413609,-0.000353049495075197
"363",2016-02-10,-0.000863507543784614,0
"364",2016-02-11,-0.013093343724746,0.000940595505412922
"365",2016-02-12,0.0204073432026757,-0.00117627846254642
"366",2016-02-16,0.0167372669486232,-0.00058813873531971
"367",2016-02-17,0.0162028480805159,0.000235450422829686
"368",2016-02-18,-0.00410436711608408,0.000823343494187334
"369",2016-02-19,-0.000468546940656012,-0.000941247384390387
"370",2016-02-22,0.0143756119099931,0.000117903890203053
"371",2016-02-23,-0.0127103995000262,0.000117803393671068
"372",2016-02-24,0.00456523375867945,0.000234884918818956
"373",2016-02-25,0.0120391583520973,0.000235682957133498
"374",2016-02-26,-0.00230385995465276,-0.00129487653293037
"375",2016-02-29,-0.00787352564220001,0.000588601373103792
"376",2016-03-01,0.0232349091652333,-0.00133143847772654
"377",2016-03-02,0.0044825111357385,-0.000118074907296872
"378",2016-03-03,0.00391175475216876,0.000353625469416308
"379",2016-03-04,0.00324824206059215,-0.000707078524614602
"380",2016-03-07,0.000798059244454308,-0.00070863326389059
"381",2016-03-08,-0.0109778410058947,0.00070863326389059
"382",2016-03-09,0.00492747158452111,-0.000354446071384018
"383",2016-03-10,0.000802093089588674,-0.000118172480157774
"384",2016-03-11,0.0160082927760561,-0.000944380837425207
"385",2016-03-14,-0.00128328354648666,0
"386",2016-03-15,-0.0016308027854981,0.000354152714812095
"387",2016-03-16,0.00577062002396023,0.00200587851796818
"388",2016-03-17,0.00632391853302483,-0.000117920156350593
"389",2016-03-18,0.00392189294212208,0.000236024538433632
"390",2016-03-21,0.00141795676201717,-0.00011810438208304
"391",2016-03-22,-0.00053760666772007,-0.000589578788614986
"392",2016-03-23,-0.00662123914729662,0.000589578788614986
"393",2016-03-24,-0.000443120918375506,-0.000471503881318114
"394",2016-03-28,0.00059068244519267,0.000235550562119435
"395",2016-03-29,0.00920755587610156,0.00188489492696586
"396",2016-03-30,0.00437804717078638,0.000117538926405203
"397",2016-03-31,-0.00242974166987686,0.000470820796733662
"398",2016-04-01,0.00678878783081949,-0.000576935327372574
"399",2016-04-04,-0.00324342749931095,0.000706080918632779
"400",2016-04-05,-0.0100378127438203,0.000353051205443045
"401",2016-04-06,0.0108617633555177,-0.000353051205443045
"402",2016-04-07,-0.0120379708888541,0.000588123067412738
"403",2016-04-08,0.00269324660681747,0
"404",2016-04-11,-0.00234999177080564,-0.00011728820930923
"405",2016-04-12,0.00926976615286534,-0.000235297075684038
"406",2016-04-13,0.0100503329945401,-0.000470846817894888
"407",2016-04-14,0.0000478990372370092,0
"408",2016-04-15,-0.00110625120275643,0.000706143893578925
"409",2016-04-18,0.00700209553544617,-0.000117783652660464
"410",2016-04-19,0.00314921834506698,-0.000353051205443045
"411",2016-04-20,0.000952600885060662,-0.000706080918632779
"412",2016-04-21,-0.00539303538995739,-0.000235574196187471
"413",2016-04-22,0,0
"414",2016-04-25,-0.00172411650794757,-0.000235629704465445
"415",2016-04-26,0.00148468441648486,-0.000235672866172543
"416",2016-04-27,0.00205615690081196,0.000706876766825459
"417",2016-04-28,-0.00911711951153915,0.000588624851342701
"418",2016-04-29,-0.00541351079086283,0.000352993849709549
"419",2016-05-02,0.0079171218353995,-0.000364967581566233
"420",2016-05-03,-0.00874143191205867,0.00105900328127273
"421",2016-05-04,-0.00559373809579089,-0.000117445689465256
"422",2016-05-05,-0.000195045972355423,0.000352665922619622
"423",2016-05-06,0.0036523534315327,-0.000235220233154365
"424",2016-05-09,0.000825994329505697,0.000470385150761921
"425",2016-05-10,0.0123571954794084,0.00023512196315334
"426",2016-05-11,-0.00939889569916286,-0.000352413702217724
"427",2016-05-12,0.000290467773607084,-0.000588467759967237
"428",2016-05-13,-0.00875238341668716,0.000117928658804445
"429",2016-05-16,0.00981698328520508,-0.000470859420849123
"430",2016-05-17,-0.00937741065355979,-0.000352857679560614
"431",2016-05-18,0.000292890614972841,-0.00176789126247812
"432",2016-05-19,-0.00347099777072835,0.000235957240979801
"433",2016-05-20,0.00629750557557784,0.000353695432406376
"434",2016-05-23,-0.00136350703850852,-0.000118078397129295
"435",2016-05-24,0.0128788775785473,-0.000707488164647607
"436",2016-05-25,0.00676029016972635,0.000589309213072653
"437",2016-05-26,0.000286456444405836,0.000589716434443055
"438",2016-05-27,0.00429021600127211,-0.000589716434443055
"439",2016-05-31,-0.00190437053300485,0.000471791071860572
"440",2016-06-01,0.00204722734701246,-0.000695815133951783
"441",2016-06-02,0.0030389558150814,0.000825351732256507
"442",2016-06-03,-0.0029915789607049,0.001649415705268
"443",2016-06-06,0.00507549176512789,-0.000235016259274801
"444",2016-06-07,0.00156020721880257,0.000235016259274801
"445",2016-06-08,0.00325449407286271,0.000235528779829686
"446",2016-06-09,-0.00136650987986719,0.000235004426743401
"447",2016-06-10,-0.00952289034248643,0.000588681578404859
"448",2016-06-13,-0.00774151936749146,0.000234995896051693
"449",2016-06-14,-0.00196894304289774,0.000117477242618236
"450",2016-06-15,-0.00139473457912942,0.00117440802257907
"451",2016-06-16,0.00297974566439496,-0.000587130170456973
"452",2016-06-17,-0.00373106652813959,0.000117394483957867
"453",2016-06-20,0.00641932180952232,-0.000587295176282865
"454",2016-06-21,0.00283470900793681,-0.000705185133593744
"455",2016-06-22,-0.00163248866831722,0.00035274104151739
"456",2016-06-23,0.0129384216835913,-0.00035274104151739
"457",2016-06-24,-0.0365697910440952,0.00234937082644837
"458",2016-06-27,-0.0180720587539609,0.000586244538847147
"459",2016-06-28,0.0178754462914128,0.000351719524185334
"460",2016-06-29,0.0168840899072205,-0.000351719524185334
"461",2016-06-30,0.0135530970058921,0.00046923510769048
"462",2016-07-01,0.00209850668542444,0.000351640573422074
"463",2016-07-05,-0.00721937036303011,0.000468579948317505
"464",2016-07-06,0.00597991942408349,-0.000468579948317505
"465",2016-07-07,-0.000620182605452158,-0.000468971740443358
"466",2016-07-08,0.01478058294449,0
"467",2016-07-11,0.00352092445493835,-0.00105663738333206
"468",2016-07-12,0.00723704041230988,-0.000352189855228779
"469",2016-07-13,-0.000139548431718595,0.000235176284382632
"470",2016-07-14,0.00556784787884901,-0.000587379376091768
"471",2016-07-15,-0.00134275867180289,-0.00047031468686054
"472",2016-07-18,0.00268371676023449,0.000587852647514708
"473",2016-07-19,-0.00101720253580773,0.000117253256529004
"474",2016-07-20,0.00415437156037068,-0.000470105696101619
"475",2016-07-21,-0.00378428390643926,0.000705112626304683
"476",2016-07-22,0.00447517506474338,-0.000352260186732067
"477",2016-07-25,-0.00271964525931967,-0.000705274877402573
"478",2016-07-26,0.00046143666320031,0.000117422229887865
"479",2016-07-27,-0.0010616774132286,0.000705105904043712
"480",2016-07-28,0.00115402958838828,-0.000117253256529004
"481",2016-07-29,0.00161327094731867,0.00129140394755467
"482",2016-08-01,-0.000829306363427484,-0.000340487652948696
"483",2016-08-02,-0.00642801529487791,-0.000352418548511757
"484",2016-08-03,0.00291834796429402,0.000117072353229553
"485",2016-08-04,0.0010634989847853,0.000704937902797909
"486",2016-08-05,0.00814560928094732,-0.00140942487535867
"487",2016-08-08,-0.000596181702352538,-0.000352947079104382
"488",2016-08-09,0.000596181702352538,0.000587708102671947
"489",2016-08-10,-0.00247808839266739,0.000469725948993194
"490",2016-08-11,0.00462996802922611,-0.000939672644147294
"491",2016-08-12,-0.000869314242511798,0.000705218820667319
"492",2016-08-15,0.00287967581349857,-0.00023527212551322
"493",2016-08-16,-0.00517095787778388,-0.000352482420948874
"494",2016-08-17,0.00187929726314096,0
"495",2016-08-18,0.00224132845976577,0.000705136016712515
"496",2016-08-19,-0.00146332502596902,-0.000940361698435588
"497",2016-08-22,-0.0000456524196801311,0.000117761407517847
"498",2016-08-23,0.0020113914030544,0.000117464274205226
"499",2016-08-24,-0.00512792892314007,-0.000235225681723072
"500",2016-08-25,-0.000688887505993385,-0.000352874523318114
"501",2016-08-26,-0.0018850868208462,-0.000941381810913633
"502",2016-08-29,0.00491232170571454,0.000588555309073868
"503",2016-08-30,-0.00165001226688055,0.000117277535164995
"504",2016-08-31,-0.00284827730228088,-0.000117277535164995
"505",2016-09-01,0.0000461927357049419,0.000470617147482422
"506",2016-09-02,0.00449793596055059,0
"507",2016-09-06,0.00301781439901028,0.000706120202488947
"508",2016-09-07,-0.000091472155628658,0
"509",2016-09-08,-0.00228544851952694,-0.000706120202488947
"510",2016-09-09,-0.0242259931116253,-0.000353154720609261
"511",2016-09-12,0.0142454044176903,0.000353154720609261
"512",2016-09-13,-0.0144798473605565,-0.000353154720609261
"513",2016-09-14,-0.000375439888501639,0.000588620483001456
"514",2016-09-15,0.00994355076835252,0.000823349175727017
"515",2016-09-16,-0.00387306022692524,-0.000470118997639268
"516",2016-09-19,0.000187433041646479,-0.00023538259367939
"517",2016-09-20,0.0000468155385648927,-0.000235622816329162
"518",2016-09-21,0.0111827780646108,0.000235622816329162
"519",2016-09-22,0.00628161178547071,-0.000235622816329162
"520",2016-09-23,-0.00549433732257132,0.000588429672017554
"521",2016-09-26,-0.00813502223110429,0.000587529863921965
"522",2016-09-27,0.00618868947947249,0.000117821388289308
"523",2016-09-28,0.00495129699283225,-0.000117821388289308
"524",2016-09-29,-0.00908857328673651,0.00035294276947706
"525",2016-09-30,0.00751774704021102,-0.000822951353677936
"526",2016-10-03,-0.00240683084416737,-0.000129538901346926
"527",2016-10-04,-0.00511091619604365,-0.000823834490202735
"528",2016-10-05,0.00441554393577714,-0.00058902050768328
"529",2016-10-06,0.000695372260266502,0
"530",2016-10-07,-0.00343517009172167,0.00035328383395683
"531",2016-10-10,0.00519467493819548,-0.000471171509409452
"532",2016-10-11,-0.0127101256402744,-0.000118172912242365
"533",2016-10-12,0.00131123830588553,0
"534",2016-10-13,-0.00328079048331897,0.000353835733942987
"535",2016-10-14,0.000516189791348154,-0.000235662821700622
"536",2016-10-17,-0.00347819472470601,0.000824515406642412
"537",2016-10-18,0.00624279541667683,0.000353034326028734
"538",2016-10-19,0.00266342343744697,0
"539",2016-10-20,-0.00186829986774395,-0.000470641549535245
"540",2016-10-21,0.000467325560286724,0.000235397744535959
"541",2016-10-24,0.0042439233845748,-0.000353400870270804
"542",2016-10-25,-0.00335634385103489,0
"543",2016-10-26,-0.00200963704971713,-0.000353242235700435
"544",2016-10-27,-0.00267038944577624,0.00023550868770883
"545",2016-10-28,-0.00295977862336905,0
"546",2016-10-31,0.0000470819369526865,0.000706378223261694
"547",2016-11-01,-0.00727179854902538,0.0000118371056840871
"548",2016-11-02,-0.00603676519503971,0.000588857682584099
"549",2016-11-03,-0.00458767330464216,0.000117862871652719
"550",2016-11-04,-0.00110211640846547,0.000352853156508459
"551",2016-11-07,0.0218169243207944,-0.000352853156508459
"552",2016-11-08,0.00449390825401252,-0.00105975070064801
"553",2016-11-09,0.0105463350152366,-0.00129730017179508
"554",2016-11-10,0.00249251698846287,-0.000353983610649422
"555",2016-11-11,-0.00230768613229504,0
"556",2016-11-14,0.00078517102682607,-0.00153547748381833
"557",2016-11-15,0.00777259585789913,0.000354539822319921
"558",2016-11-16,-0.00188026292977117,-0.000118223646294879
"559",2016-11-17,0.00512759579090627,-0.000118249984410568
"560",2016-11-18,-0.00224019353484639,-0.000590841411805876
"561",2016-11-21,0.00752324831479978,-0.000118321500754526
"562",2016-11-22,0.00195140161424856,-0.000236598410422673
"563",2016-11-23,0.000543827362781357,-0.000591982433020277
"564",2016-11-25,0.0037085422433929,-0.00011804981569874
"565",2016-11-28,-0.0047059300675949,0.000591755352916223
"566",2016-11-29,0.00194847896005079,0.000118276895802794
"567",2016-11-30,-0.00240210100298555,-0.000354860288235948
"568",2016-12-01,-0.00368225767045161,-0.000473817647896446
"569",2016-12-02,0.000500848894598782,0.00106546187256562
"570",2016-12-05,0.00599076407225585,0
"571",2016-12-06,0.00316243669653815,-0.000236697337136604
"572",2016-12-07,0.0129959793320564,0.000355303255433981
"573",2016-12-08,0.00244563004454879,-0.000118605918297376
"574",2016-12-09,0.00602238118006593,-0.000118434439343673
"575",2016-12-12,-0.00114855609175901,-0.000355288507511098
"576",2016-12-13,0.0066518280408232,-0.000117921277814403
"577",2016-12-14,-0.00828842044003686,-0.0018965075087225
"578",2016-12-15,0.00410867530640857,-0.000474903389304338
"579",2016-12-16,-0.00195766310094125,0.000474903389304338
"580",2016-12-19,0.0021749687116781,0.000474392916538946
"581",2016-12-20,0.00385007238926693,0.00011846084075362
"582",2016-12-21,-0.0027864589453932,0.000474309996727484
"583",2016-12-22,-0.00172886499479219,0.000248778767891977
"584",2016-12-23,0.00146322633617491,0
"585",2016-12-27,0.00247783907444088,-0.000474092874936716
"586",2016-12-28,-0.00829886848964723,0.000355705281619656
"587",2016-12-29,-0.000222770942405859,0.00106655525563237
"588",2016-12-30,-0.00366167765999581,0.000355385327048374
"589",2017-01-03,0.00762094134011893,-0.000829214444568294
"590",2017-01-04,0.00593153928243506,0.000236707515051116
"591",2017-01-05,-0.000794905000935486,0.000710726312282084
"592",2017-01-06,0.00357148582428835,-0.000829029751510113
"593",2017-01-09,-0.00330630774199481,0.000829029751510113
"594",2017-01-10,0,-0.000355355678341773
"595",2017-01-11,0.00282200097372343,0.000473833091636955
"596",2017-01-12,-0.00251297112779536,0.000355175009381092
"597",2017-01-13,0.00229284901533067,-0.000473652422676274
"598",2017-01-17,-0.00352968147295396,0.000710221539125477
"599",2017-01-18,0.00220751223068305,-0.000946946383390213
"600",2017-01-19,-0.00371142439019589,-0.000355254235221203
"601",2017-01-20,0.00366733589744417,0.000591979079485938
"602",2017-01-23,-0.0026056550118172,0.000947006483293933
"603",2017-01-24,0.00639129393200477,-0.000591888286055386
"604",2017-01-25,0.00861835632453456,-0.000236640783943365
"605",2017-01-26,-0.00104599853071541,0.000118562277125811
"606",2017-01-27,-0.00157101072192134,0.000473181848704485
"607",2017-01-30,-0.00622105499056769,0
"608",2017-01-31,-0.0000877994706574015,0.000236784944168456
"609",2017-02-01,0.0003954186894779,-0.000343514026297953
"610",2017-02-02,0.000658776377625792,0.000355200471944705
"611",2017-02-03,0.006869260695753,-0.000355200471944705
"612",2017-02-06,-0.0017892568185216,0.00106511203536197
"613",2017-02-07,0.0000437357504612379,-0.000236515341101473
"614",2017-02-08,0.00130946082006567,0.000945836935986044
"615",2017-02-09,0.00591497942704056,-0.000827529061446342
"616",2017-02-10,0.00393852745795531,-0.000118307874539703
"617",2017-02-13,0.00542777094050351,-0.000236484840071327
"618",2017-02-14,0.00398743826014147,-0.000710247550444798
"619",2017-02-15,0.00520670663541623,-0.000355467580510194
"620",2017-02-16,-0.000851510352099183,0.000473603276765822
"621",2017-02-17,0.00157480559698975,0.000710460057476325
"622",2017-02-21,0.0059375884974715,0.000118136636784172
"623",2017-02-22,-0.000888439799033414,0.000236515341101473
"624",2017-02-23,0.000676991885298683,0.000473060351574794
"625",2017-02-24,0.00126815527300295,0.000472553011641175
"626",2017-02-27,0.00156158340916335,-0.000827234719444014
"627",2017-02-28,-0.00270283784325098,-0.0004730306216576
"628",2017-03-01,0.0139005075826475,-0.00078192807617139
"629",2017-03-02,-0.00631728469444681,-0.00106689306328178
"630",2017-03-03,0.000629203205051887,0.000237277815338999
"631",2017-03-06,-0.00298217018393121,0.000237295724288877
"632",2017-03-07,-0.00299149900525109,-0.000355834815909617
"633",2017-03-08,-0.00185814652910032,-0.000830885399960124
"634",2017-03-09,0.00126737438638891,-0.000118453580292055
"635",2017-03-10,0.00349795418461962,0.000593563123799434
"636",2017-03-13,0.000504842904902603,-0.000475109543507379
"637",2017-03-14,-0.00383405517984503,-0.000118453580292055
"638",2017-03-15,0.00861623683176571,0.0018974933198157
"639",2017-03-16,-0.00196885475227848,-0.000711201513929005
"640",2017-03-17,-0.00175762390865586,0.000474219382907926
"641",2017-03-20,-0.00109753723445838,0.000592294465263876
"642",2017-03-21,-0.0129227971356842,0.00047381279863945
"643",2017-03-22,0.00235046189766397,0.000236630882592515
"644",2017-03-23,-0.00106755499063471,0
"645",2017-03-24,-0.000726711078992359,0
"646",2017-03-27,-0.00102679926787985,0.00035521777421188
"647",2017-03-28,0.00725043243115131,-0.000473532389753117
"648",2017-03-29,0.000934533652454661,0.000591692278236522
"649",2017-03-30,0.00317892122781771,-0.000236432481548476
"650",2017-03-31,-0.00233024433761386,0.000118272593065072
"651",2017-04-03,-0.00174064168766286,0.000922867623001089
"652",2017-04-04,0.000637095180545444,-0.000354705035618075
"653",2017-04-05,-0.00297705715072993,0
"654",2017-04-06,0.00280728466725133,0.000236356579672581
"655",2017-04-07,-0.00101997188364322,-0.0013022520338577
"656",2017-04-10,0.000595149385731908,0.000473815359542051
"657",2017-04-11,-0.00119065764675774,0.000946785130261141
"658",2017-04-12,-0.00439133349167253,0.000709587294978498
"659",2017-04-13,-0.00651617507732016,0.000472622627901487
"660",2017-04-17,0.00882098912563833,-0.000118294834475563
"661",2017-04-18,-0.00298875778289709,0.000826773297753824
"662",2017-04-19,-0.00184025859246439,-0.000472287824480055
"663",2017-04-20,0.00810619346547359,-0.000118082189255908
"664",2017-04-21,-0.00319204170713139,0.000472429739142299
"665",2017-04-24,0.0109379011913315,-0.00106316081658608
"666",2017-04-25,0.00580175654746728,-0.000946100891345836
"667",2017-04-26,-0.000628959496507875,0.000354934346020741
"668",2017-04-27,0.000838433946198869,0.000354820736297334
"669",2017-04-28,-0.00218168553021325,0.000472549544883627
"670",2017-05-01,0.00251689928437138,-0.000685912546479095
"671",2017-05-02,0.00037719752477372,0.000354671978788801
"672",2017-05-03,-0.00121554823680725,-0.000709654759046607
"673",2017-05-04,0.00117352241435764,-0.00011874201817097
"674",2017-05-05,0.00392940515842621,0.000355123551147862
"675",2017-05-08,-0.000166980227175983,-0.000473497319679161
"676",2017-05-09,-0.000918259267700172,-0.000473425471778199
"677",2017-05-10,0.00179405023579626,0.000236833278493442
"678",2017-05-11,-0.00204477237960887,0.000118586806849841
"679",2017-05-12,-0.00167236819139305,0.00118322249913039
"680",2017-05-15,0.00550817871032461,-0.000118446566946595
"681",2017-05-16,-0.000915882461750783,0
"682",2017-05-17,-0.0179034217177936,0.00106439424677873
"683",2017-05-18,0.00402047329325939,-0.000472868145264371
"684",2017-05-19,0.00648318121446323,0.000236554363388208
"685",2017-05-22,0.00506440215739357,-0.000354747843247516
"686",2017-05-23,0.00221051639067138,-0.000354886054708459
"687",2017-05-24,0.00233001389697574,0.000590988149641092
"688",2017-05-25,0.00476812764452639,0
"689",2017-05-26,-0.000206801234669207,-0.000117908615073326
"690",2017-05-30,-0.000869186228949381,0.000354336606981143
"691",2017-05-31,-0.000248518082306859,0.000118531538283229
"692",2017-06-01,0.00792078101617655,-0.000189061331489881
"693",2017-06-02,0.00332291809922847,0.000709195601033663
"694",2017-06-05,-0.0007374444256385,-0.000827835742845728
"695",2017-06-06,-0.00320206272009305,0.000354844290555434
"696",2017-06-07,0.00184869232546703,-0.000354844290555434
"697",2017-06-08,0.000492245345092179,-0.00023618946267856
"698",2017-06-09,-0.00151901398301479,-0.000355337479153839
"699",2017-06-12,-0.000205334641041333,-0.000118539606236645
"700",2017-06-13,0.00487804262085234,0
"701",2017-06-14,-0.00126856633980577,0.000473877085390484
"702",2017-06-15,-0.00192608758167623,-0.000355337479153839
"703",2017-06-16,0.000218443583438699,0.00047324215386535
"704",2017-06-19,0.00829073012257364,-0.000591781760101995
"705",2017-06-20,-0.00676701382534084,0.000118539606236645
"706",2017-06-21,-0.000247020744403414,0.000118427006394306
"707",2017-06-22,-0.000452772762420395,0.000118412983098892
"708",2017-06-23,0.00119357904002815,0.000591485382543944
"709",2017-06-26,0.000657787171794766,0
"710",2017-06-27,-0.00808880691955505,-0.000591485382543944
"711",2017-06-28,0.00891059362132651,0.000473327094151266
"712",2017-06-29,-0.00882765204921476,-0.000591740077250158
"713",2017-06-30,0.00186271588144926,0
"714",2017-07-03,0.00169411251194784,-0.000746707792942836
"715",2017-07-05,0.00230948352564386,0.000355659349739135
"716",2017-07-06,-0.0091866885174996,0.000237175612204155
"717",2017-07-07,0.00646428925071696,-0.000118630062934777
"718",2017-07-10,0.00107320065705974,0.000473610647651945
"719",2017-07-11,-0.000742867352927057,0.000355211662893318
"720",2017-07-12,0.00748677228008265,0.000473870584914771
"721",2017-07-13,0.00167877747266942,-0.000473870584914771
"722",2017-07-14,0.00465315774058617,0.000473870584914771
"723",2017-07-17,-0.000121992762420753,0.000117921927342834
"724",2017-07-18,0.000529235910272874,0.000236909298360288
"725",2017-07-19,0.00539940455823107,0
"726",2017-07-20,0.000445230166659094,0
"727",2017-07-21,-0.000890662878858528,0.000472924829172605
"728",2017-07-24,-0.000243016968054732,-0.000354860230823206
"729",2017-07-25,0.00242789581789804,-0.000591385496347741
"730",2017-07-26,0.0000404213579257018,0.00070943615709318
"731",2017-07-27,-0.000929995087774138,-0.000236115259094838
"732",2017-07-28,-0.00117385259345149,0.000590921313919246
"733",2017-07-31,-0.000567079508242863,-0.000117996484746641
"734",2017-08-01,0.00222622346219659,0.000366730788732283
"735",2017-08-02,0.00048518671795339,-0.000473304756765103
"736",2017-08-03,-0.00194183128408021,0.000354858200178221
"737",2017-08-04,0.00182044488762578,-0.000354858200178221
"738",2017-08-07,0.00185748228702831,0.000354858200178221
"739",2017-08-08,-0.00246393050663407,0
"740",2017-08-09,-0.0000403816155154502,-0.000118276173774134
"741",2017-08-10,-0.0142159362827456,0.000355142969119981
"742",2017-08-11,0.00147588544803057,0.00130005321825877
"743",2017-08-14,0.00986424637392425,-0.000827581162996083
"744",2017-08-15,-0.000121575543841068,-0.000472472055262685
"745",2017-08-16,0.00174277096291231,0.00059092060638033
"746",2017-08-17,-0.0157135948145335,0.000236314711870911
"747",2017-08-18,-0.00156448458211944,-0.00011806440701001
"748",2017-08-21,0.00078245156890322,0.000236372720564759
"749",2017-08-22,0.0104028757791932,-0.000118308313554749
"750",2017-08-23,-0.00359191608884668,0.000944663992205719
"751",2017-08-24,-0.00233341320897829,-0.000944663992205719
"752",2017-08-25,0.00233341320897829,0.00035425691355595
"753",2017-08-28,0.0000409580624269879,-0.00035425691355595
"754",2017-08-29,0.00114410350568583,0.000472817900007527
"755",2017-08-30,0.0047263753195903,0.000236233109853323
"756",2017-08-31,0.00599805472351278,0
"757",2017-09-01,0.00141317873083224,-0.00021310927972884
"758",2017-09-05,-0.00720792969632544,0.000945507871748852
"759",2017-09-06,0.00340778879360837,-0.000117967916689388
"760",2017-09-07,-0.000121326409136202,0.00059030102547819
"761",2017-09-08,-0.00117542261049763,-0.000236230610763499
"762",2017-09-11,0.0106093301025263,-0.000945002328518463
"763",2017-09-12,0.0033650461555208,-0.000472977441769551
"764",2017-09-13,0.000479824062870726,-0.000236253371825867
"765",2017-09-14,-0.000319919722175932,0.000118133662869724
"766",2017-09-15,0.00134539689518753,-0.000118133662869724
"767",2017-09-18,0.00212465508697335,-0.000591786955696172
"768",2017-09-19,0.00100057575023094,0.000118572147485452
"769",2017-09-20,0.000359936247976478,-0.000828812679573687
"770",2017-09-21,-0.00268291358396056,-0.00023689998097165
"771",2017-09-22,0.0002004493207588,0.00023689998097165
"772",2017-09-25,-0.00204670271465002,0.000591642035400852
"773",2017-09-26,0.000602459081748385,-0.000236366531003007
"774",2017-09-27,0.00388672229971654,-0.000118443924278289
"775",2017-09-28,0.00119910108796795,0.000118443924278289
"776",2017-09-29,0.00350878386232178,-0.000237000231176232
"777",2017-10-02,0.00432935934113221,0.000746520307904674
"778",2017-10-03,0.00213786951820083,-0.000592144173849007
"779",2017-10-04,0.00118572195818079,0.00189418789534557
"780",2017-10-05,0.00590766092075512,-0.00213119541656592
"781",2017-10-06,-0.00113954805424399,-0.000355487495110829
"782",2017-10-09,-0.00165244684055388,0
"783",2017-10-10,0.00263486307893768,0.00023662451339046
"784",2017-10-11,0.00156975210876542,-0.000118495875765845
"785",2017-10-12,-0.00149127487570144,-0.000118128637624615
"786",2017-10-13,0.00121677927247532,0.000592495016331185
"787",2017-10-16,0.00133256027373196,-0.000948576470803708
"788",2017-10-17,0.000704940649580266,0.00011883503077037
"789",2017-10-18,0.000978127227736714,-0.000355882904807814
"790",2017-10-19,0.000273669186524828,0.000593129328509967
"791",2017-10-20,0.00514714408885197,-0.000593129328509967
"792",2017-10-23,-0.00389697353294238,0
"793",2017-10-24,0.00175556946137778,-0.000237387199963024
"794",2017-10-25,-0.00496247708112918,-0.000237542066268581
"795",2017-10-26,0.00129185947170729,0
"796",2017-10-27,0.00814298706517036,0.000711977140269049
"797",2017-10-30,-0.00373196943582776,0.000474210092097138
"798",2017-10-31,0.00155648905063277,-0.000592776226058689
"799",2017-11-01,0.00132135311060999,-0.000142713895646907
"800",2017-11-02,0.000388432365864944,0.000237619604471995
"801",2017-11-03,0.00333308154545797,-0.000593822506027131
"802",2017-11-06,0.00154650368425813,0.000593822506027131
"803",2017-11-07,-0.000695672256102675,-0.000474815599134537
"804",2017-11-08,0.0016993779591159,-0.000119006906892594
"805",2017-11-09,-0.00363424349238617,-0.000118725563279298
"806",2017-11-10,-0.000310010696034979,-0.000356470680533683
"807",2017-11-13,0.000929619296496043,-0.000118979096914273
"808",2017-11-14,-0.00232530393898855,0.000237746987406418
"809",2017-11-15,-0.00501780946994224,-0.000356641680832048
"810",2017-11-16,0.00846507826905007,0.000118894693425631
"811",2017-11-17,-0.00294317156997526,-0.000594442312897847
"812",2017-11-20,0.00170495706587381,-0.000356753694615186
"813",2017-11-21,0.00652149256445611,-0.000238313523722056
"814",2017-11-22,-0.000884824912261273,0.000832770711630459
"815",2017-11-24,0.00230696909937222,0
"816",2017-11-27,-0.000499379291203361,0
"817",2017-11-28,0.0100936851872673,0.000119120119324911
"818",2017-11-29,-0.000608844902722616,-0.000237958640830094
"819",2017-11-30,0.00871686402027638,-0.00059472516752912
"820",2017-12-01,-0.00207750186110722,0.000226338307586005
"821",2017-12-04,-0.00121073285627205,-0.000595684547670672
"822",2017-12-05,-0.00360314635706782,-0.000119065993487766
"823",2017-12-06,0.000189999218137338,0.000476462573899994
"824",2017-12-07,0.00314813035634476,0.000119107924331452
"825",2017-12-08,0.00543816968234179,0
"826",2017-12-11,0.00300862871556884,-0.00047650450474368
"827",2017-12-12,0.00176317072297838,0
"828",2017-12-13,-0.000112388266347629,0.00107181909561138
"829",2017-12-14,-0.00409468374055866,-0.00035714129385056
"830",2017-12-15,0.00829311770571994,-0.000476489668521651
"831",2017-12-18,0.00632121392608287,0
"832",2017-12-19,-0.00384790818160852,-0.000476149208077814
"833",2017-12-20,-0.000524024506961318,0.000118895081350878
"834",2017-12-21,0.00205744627946114,-0.0000714513370221326
"835",2017-12-22,-0.000261514663766782,-0.000358160278810971
"836",2017-12-26,-0.00119708655380002,-0.000119230101542023
"837",2017-12-27,0.000486556652144365,0.000477390380352993
"838",2017-12-28,0.00205521277009879,0.000119074500710248
"839",2017-12-29,-0.00377750510412511,0.000238587514204802
"840",2018-01-02,0.00713179941710518,-0.00035766201491505
"841",2018-01-03,0.0063050686618249,0
"842",2018-01-04,0.00420593253646917,-0.000477390380352993
"843",2018-01-05,0.00664189859188724,0
"844",2018-01-08,0.0018270921537491,0
"845",2018-01-09,0.00226074765492346,-0.000358331332547479
"846",2018-01-10,-0.00153075477755138,0.000358331332547479
"847",2018-01-11,0.00726941793653602,-0.000358331332547479
"848",2018-01-12,0.00649791782290432,-0.000119287058234718
"849",2018-01-16,-0.00342422012585253,-0.000119400105702105
"850",2018-01-17,0.00948647652794588,-0.000358446513417654
"851",2018-01-18,-0.0016822206342173,-0.000239200534529971
"852",2018-01-19,0.00453928728262909,0.000358631088899664
"853",2018-01-22,0.00809811769425295,-0.000477919071421695
"854",2018-01-23,0.00212023464275646,0.000597434192024515
"855",2018-01-24,-0.000388299785580415,-0.000238945674972513
"856",2018-01-25,0.000423472600997954,-0.000239200534529971
"857",2018-01-26,0.0115113963763012,-0.000597447936616646
"858",2018-01-29,-0.00665209876190698,-0.000358788625258732
"859",2018-01-30,-0.0103098706256635,0.000119672361118539
"860",2018-01-31,0.000496746093869405,0
"861",2018-02-01,-0.0011359449379249,-0.000407110295400415
"862",2018-02-02,-0.0220103222417842,0.000119706762379934
"863",2018-02-05,-0.0427222931211899,0.00179464976596577
"864",2018-02-06,0.0195107207192091,-0.000717451212523201
"865",2018-02-07,-0.00543959280215578,-0.000717780785073785
"866",2018-02-08,-0.0382305538507648,0.000119364974765723
"867",2018-02-09,0.0149097116080084,0.000837627530974494
"868",2018-02-12,0.0145779086904412,-0.00047866612178904
"869",2018-02-13,0.00248419831892743,0
"870",2018-02-14,0.0134061060407342,-0.00143708987298385
"871",2018-02-15,0.0126791947319758,-0.000359192873077951
"872",2018-02-16,0.000292944174590914,0.000239798188262696
"873",2018-02-20,-0.00628098745108741,-0.000119891906234848
"874",2018-02-21,-0.0049864035903564,0.000119891906234848
"875",2018-02-22,0.00129531667728067,0.000119394684815255
"876",2018-02-23,0.0158134746378495,0.000240368102429223
"877",2018-02-26,0.0115454541005198,0.000119265107265676
"878",2018-02-27,-0.0125652157435967,-0.00071882608277285
"879",2018-02-28,-0.0101816349874175,0.000239798188262696
"880",2018-03-01,-0.0146477296952776,0.00139046082880867
"881",2018-03-02,0.0051418615815928,-0.000479160450615801
"882",2018-03-05,0.0114917553101082,0
"883",2018-03-06,0.00253176595325844,-0.00023985195956211
"884",2018-03-07,-0.000366476709206864,0
"885",2018-03-08,0.00482722665595325,0.00023985195956211
"886",2018-03-09,0.0172528034844133,-0.000479773838773845
"887",2018-03-12,-0.00125583868752788,0.000479773838773845
"888",2018-03-13,-0.00648364338367635,0.00023942340487082
"889",2018-03-14,-0.00514498876233116,-0.000119754014859197
"890",2018-03-15,-0.00109026544005353,0.000119754014859197
"891",2018-03-16,0.00108396407372613,-0.00047927536443293
"892",2018-03-19,-0.0136228775113914,0
"893",2018-03-20,0.00169938082915788,-0.000359564003100665
"894",2018-03-21,-0.00192105007604404,0.000719085352674398
"895",2018-03-22,-0.0253150468435361,0.00047938748838483
"896",2018-03-23,-0.0215449361459035,0.00023965085410893
"897",2018-03-26,0.0269915502153779,-0.000479359154516246
"898",2018-03-27,-0.0171581867935462,0.000718680722274101
"899",2018-03-28,-0.00295931665051175,0.00011991114430554
"900",2018-03-29,0.0126969258580836,0.000359202523863011
"901",2018-04-02,-0.0218211634349146,0.000287098744445657
"902",2018-04-03,0.0127357309375737,-0.000479074934601975
"903",2018-04-04,0.0106421897809019,-0.000599265492928325
"904",2018-04-05,0.00786098044058292,0.000239993991723253
"905",2018-04-06,-0.0225380370261448,0.000838346435807047
"906",2018-04-09,0.00491634853718992,-0.000119463177031598
"907",2018-04-10,0.0157754391249565,-0.000479416361185869
"908",2018-04-11,-0.00525609905163638,0
"909",2018-04-12,0.0081934417524705,-0.000599609298641113
"910",2018-04-13,-0.00293734270083412,-0.000239610544433333
"911",2018-04-16,0.00818790844764106,-0.000120105072295651
"912",2018-04-17,0.0106416297907463,0
"913",2018-04-18,0.000740023454045335,-0.000839740962840452
"914",2018-04-19,-0.00556279577665642,0
"915",2018-04-20,-0.00851566817891491,-0.000360345532761208
"916",2018-04-23,-0.000149964642359279,-0.000120164678257595
"917",2018-04-24,-0.0135587803911434,0.000239943495436989
"918",2018-04-25,0.00246836842266518,-0.000119778817179395
"919",2018-04-26,0.0101145657600137,0.000240026081502087
"920",2018-04-27,0.000938263704367337,0.000240055117035176
"921",2018-04-30,-0.00772022986476983,-0.000360302381357869
"922",2018-05-01,0.0017753375564844,-0.000444890770780582
"923",2018-05-02,-0.00674016943837152,0.000360821756136609
"924",2018-05-03,-0.0022062930125939,0.000721277915760155
"925",2018-05-04,0.0128635554750414,-0.000360573927652652
"926",2018-05-07,0.00337754400028256,0
"927",2018-05-08,0,0.000120387268425226
"928",2018-05-09,0.00961931335600585,-0.000481091256532729
"929",2018-05-10,0.00930706240827561,0
"930",2018-05-11,0.00304652301819974,0
"931",2018-05-14,0.000476518580989627,0
"932",2018-05-15,-0.00691083039341134,-0.000601454332210594
"933",2018-05-16,0.00419620213143457,0
"934",2018-05-17,-0.000845012077858698,0.000240632576073985
"935",2018-05-18,-0.00250299369781359,0.000481264834274242
"936",2018-05-21,0.00749026044134915,0
"937",2018-05-22,-0.00278413263263833,0
"938",2018-05-23,0.0027474849956155,0.000840951451150929
"939",2018-05-24,-0.00205052487410384,0.000600886240859744
"940",2018-05-25,-0.00238552331975939,0.000839740317946536
"941",2018-05-29,-0.0115679281161762,0.002874967912744
"942",2018-05-30,0.013256491314424,-0.00119665029385807
"943",2018-05-31,-0.00614472326996385,-0.000479276026961628
"944",2018-06-01,0.00977001197679339,-0.000768267984687654
"945",2018-06-04,0.00474017765776402,-0.000840700723167664
"946",2018-06-05,0.000727116829036589,0.000600563806804288
"947",2018-06-06,0.00832594932827302,-0.000360467960061506
"948",2018-06-07,-0.000108238257630511,0.000960942838072576
"949",2018-06-08,0.00295206620390065,-0.000240235570758252
"950",2018-06-11,0.00132920405261583,-0.000360239307252819
"951",2018-06-12,0.00129140813069029,-0.000480743435894659
"952",2018-06-13,-0.00319607462251081,-0.00048077687507142
"953",2018-06-14,0.00251474819111497,0.000360956504161791
"954",2018-06-15,-0.00127660700760579,0.000480232871267638
"955",2018-06-18,-0.0020588805622026,0.000240363382969733
"956",2018-06-19,-0.00384030220716358,0.000360282484029639
"957",2018-06-20,0.00170455616400567,-0.000480314931462722
"958",2018-06-21,-0.00628857606832067,0.00060047487801107
"959",2018-06-22,0.00182163380213751,0.000119861670001775
"960",2018-06-25,-0.0137063831690103,0.000359881262441242
"961",2018-06-26,0.00221170665674819,0
"962",2018-06-27,-0.00831889885859827,0.000599937740201284
"963",2018-06-28,0.00570112496530495,0
"964",2018-06-29,0.00143877405511184,-0.000239889978026042
"965",2018-07-02,0.00213582759022746,-0.000120157741372751
"966",2018-07-03,-0.00353755070272666,0.000360417590119511
"967",2018-07-05,0.00812474934997365,-0.000120030230007728
"968",2018-07-06,0.00842270121396016,0.000240144674820364
"969",2018-07-09,0.00896411655555962,-0.000600605536340559
"970",2018-07-10,0.00359176034924591,-0.000120371658681506
"971",2018-07-11,-0.00734112034336132,0.000360504245583648
"972",2018-07-12,0.00902502806513183,-0.000120059085493729
"973",2018-07-13,0.000787215516457884,0.000240387360111782
"974",2018-07-16,-0.000894547435805748,-0.000240387360111782
"975",2018-07-17,0.00403711743296675,-0.000120073501408413
"976",2018-07-18,0.00210140189681862,-0.000120371658681506
"977",2018-07-19,-0.00377858624046201,0.000480832520201702
"978",2018-07-20,-0.00114349616281473,0
"979",2018-07-23,0.00185742322014448,-0.000600848532514853
"980",2018-07-24,0.00501955817530764,0.000120016012313151
"981",2018-07-25,0.00848627353751752,-0.000360362756402388
"982",2018-07-26,-0.00236177285753136,0
"983",2018-07-27,-0.00679929882208974,0.000120415041348743
"984",2018-07-30,-0.00523713599177,0
"985",2018-07-31,0.00491701492173302,0
"986",2018-08-01,-0.00167194032690965,0.0000961192477593187
"987",2018-08-02,0.00543291869198637,0.000601701329784099
"988",2018-08-03,0.00427564203540864,0.000120513828496982
"989",2018-08-06,0.00366041614185963,0.000240491041752833
"990",2018-08-07,0.00329690449751663,-0.000361004870249815
"991",2018-08-08,-0.000420269281111274,0.000120513828496982
"992",2018-08-09,-0.00136703607553734,0.000601267059416877
"993",2018-08-10,-0.00672266999036708,0.000961335049777468
"994",2018-08-13,-0.00375051046477903,-0.000240271761863475
"995",2018-08-14,0.00636038696545693,0
"996",2018-08-15,-0.00749536591008848,0.000480584263800488
"997",2018-08-16,0.00805894646248095,-0.000240312501937012
"998",2018-08-17,0.00351411872852481,0.000360213293436829
"999",2018-08-20,0.00213764614124656,0.00060039525044786
"1000",2018-08-21,0.00234253202025858,-0.000240225555620199
"1001",2018-08-22,-0.00059393894362092,0.000240225555620199
"1002",2018-08-23,-0.00132852518892967,-0.000120013316481149
"1003",2018-08-24,0.00600017547574705,0.000120013316481149
"1004",2018-08-27,0.00786444429429434,-0.000360083167676883
"1005",2018-08-28,0.000482914631472653,-0.000360212874270793
"1006",2018-08-29,0.00536634928939428,-0.000120001329389829
"1007",2018-08-30,-0.00405652494242936,0.000720284054856357
"1008",2018-08-31,0.0000344642918124194,0.000240012231494724
"1009",2018-09-04,-0.00172374157241251,-0.000228376778549588
"1010",2018-09-05,-0.00269503815792138,0
"1011",2018-09-06,-0.00301452867116936,0.0003604597755551
"1012",2018-09-07,-0.00194531532720443,-0.00108223707544663
"1013",2018-09-10,0.00173697574629017,0.000120566232638453
"1014",2018-09-11,0.0032918822962138,-0.00060167125436994
"1015",2018-09-12,0.000242363858541594,0
"1016",2018-09-13,0.00589698022666241,0.000120439554896379
"1017",2018-09-14,0.000171882890838582,-0.000361078891876865
"1018",2018-09-17,-0.00530839730395893,-0.00024098062501654
"1019",2018-09-18,0.00541168260368607,-0.000120130117694295
"1020",2018-09-19,0.00106502609328452,-0.00024106767191423
"1021",2018-09-20,0.00807118114704508,0.000361197789608525
"1022",2018-09-21,-0.000914148568014639,-0.000240841538411196
"1023",2018-09-24,-0.00332749228225104,0
"1024",2018-09-25,-0.000928313667787783,0.000120711420716901
"1025",2018-09-26,-0.00299656327715159,0.000120130117694295
"1026",2018-09-27,0.00279026303067198,0
"1027",2018-09-28,0.000103315061293685,0.000481619961997026
"1028",2018-10-01,0.00346813120877876,-0.000277296380192027
"1029",2018-10-02,-0.000583003200839372,0.000361843238879445
"1030",2018-10-03,0.000548651465573258,-0.000482232155215812
"1031",2018-10-04,-0.00784638090688716,-0.000241486722551976
"1032",2018-10-05,-0.00561286450171838,-0.000120333902880354
"1033",2018-10-08,0,-0.000241574123793775
"1034",2018-10-09,-0.00146026700018353,0.000361908026674129
"1035",2018-10-10,-0.0321752294943094,0.000241486722551976
"1036",2018-10-11,-0.0222726793703139,0.000361320314287816
"1037",2018-10-12,0.0137927459381348,0
"1038",2018-10-15,-0.0056328201714626,0.00036175608574851
"1039",2018-10-16,0.0216301297373116,-0.00036175608574851
"1040",2018-10-17,0.000178468928155873,0
"1041",2018-10-18,-0.0145465202359922,0.000602726949496812
"1042",2018-10-19,-0.000542789966307744,-0.000602726949496812
"1043",2018-10-22,-0.00449872521866812,-0.000240931397951449
"1044",2018-10-23,-0.00510379812881379,0.00060268748369996
"1045",2018-10-24,-0.0307670002776188,0.00156556250781481
"1046",2018-10-25,0.0177813871682835,-0.00036100564176067
"1047",2018-10-26,-0.0177438480439953,0.000601402980722199
"1048",2018-10-29,-0.00555574633759193,0.000361071161706583
"1049",2018-10-30,0.0147098100137049,-0.000480986090821922
"1050",2018-10-31,0.0106242362250217,-0.00048148805160686
"1051",2018-11-01,0.0105856052718787,0.000554338269722621
"1052",2018-11-02,-0.00594063072599571,-0.00120575905524145
"1053",2018-11-05,0.00550185273953652,0.000361978788669504
"1054",2018-11-06,0.0063080090414962,-0.00024117751177144
"1055",2018-11-07,0.0211828979235609,-0.000362164568318057
"1056",2018-11-08,-0.00181663323328962,-0.00012075888134877
"1057",2018-11-09,-0.00981619448325599,0.000482923449666828
"1058",2018-11-12,-0.018861939721913,0.000723186001255982
"1059",2018-11-13,-0.00187293707459801,0.000120883746626888
"1060",2018-11-14,-0.00686010076828047,0.000722870847105206
"1061",2018-11-15,0.0103825951400349,0.00048173834423082
"1062",2018-11-16,0.0025971704737735,0.000722270805156633
"1063",2018-11-19,-0.0170591941049336,0.000841649289291091
"1064",2018-11-20,-0.0186796220821854,-0.000240463757487319
"1065",2018-11-21,0.00340180051516548,0
"1066",2018-11-23,-0.00670099613037056,-0.000240619703022027
"1067",2018-11-26,0.016015240934224,0.000120409054683357
"1068",2018-11-27,0.00335888904268167,0.00012021064833867
"1069",2018-11-28,0.0227641972467163,0.00036063105934403
"1070",2018-11-29,-0.00218746389954827,0.000240377064842257
"1071",2018-11-30,0.00607690921785498,0.000360316430351837
"1072",2018-12-03,0.013154329338005,-0.000818400098268057
"1073",2018-12-04,-0.0329388804449779,0.000722241843412519
"1074",2018-12-06,-0.00151825326259392,0.000962182490012786
"1075",2018-12-07,-0.023510065861152,0.00108148584250856
"1076",2018-12-10,0.00189514037560645,0
"1077",2018-12-11,0.000227098147479232,-0.000961239860153285
"1078",2018-12-12,0.00502273164776224,-0.000120245982355272
"1079",2018-12-13,-0.000339132432468858,0.000961440982337969
"1080",2018-12-14,-0.0186371878972151,0.00060016577924582
"1081",2018-12-17,-0.0198135125389536,0.000959941481113447
"1082",2018-12-18,-0.00109705964035456,0.000588360088332074
"1083",2018-12-19,-0.015089048126617,0.000239926052985062
"1084",2018-12-20,-0.0164118033831802,-0.000119955830928831
"1085",2018-12-21,-0.0207024564575775,0.000719811800082404
"1086",2018-12-24,-0.0267782202079854,0.000838906862771438
"1087",2018-12-26,0.0492899149150148,-0.000959156499405367
"1088",2018-12-27,0.00764806272580643,0.00107912036326674
"1089",2018-12-28,-0.00129091719718755,0.00143660867560325
"1090",2018-12-31,0.0087207895030641,0.000358899824527192
"1091",2019-01-02,0.00103967165567997,0.000119272418453775
"1092",2019-01-03,-0.0241520333293721,0.00203087987032013
"1093",2019-01-04,0.0329470217032775,-0.00215015228877391
"1094",2019-01-07,0.00785368531404274,-0.000717928504385235
"1095",2019-01-08,0.00935146891760663,-0.000598635269688508
"1096",2019-01-09,0.00466260591332279,0.00047899528152584
"1097",2019-01-10,0.00352138360830612,0.000119639988162668
"1098",2019-01-11,0.000386176858044429,0.000598094750627887
"1099",2019-01-14,-0.00611953087376804,0
"1100",2019-01-15,0.0113954529250266,0.000358911278119933
"1101",2019-01-16,0.00241692003330662,-0.000239077524362585
"1102",2019-01-17,0.00755815902846013,-0.000119833753757348
"1103",2019-01-18,0.0132222049112416,-0.000837486387495368
"1104",2019-01-22,-0.0136025974756047,0.000837486387495368
"1105",2019-01-23,0.00209024947355729,-0.000239066070769844
"1106",2019-01-24,0.000531304360632312,0.00083680331787761
"1107",2019-01-25,0.00842588030412372,-0.000717208421096238
"1108",2019-01-28,-0.00762922201859428,0.000119471173988472
"1109",2019-01-29,-0.00132796264616175,0.00047851975046509
"1110",2019-01-30,0.0157067733476826,0.00131399740965321
"1111",2019-01-31,0.00874404263145312,0.000835481624341661
"1112",2019-02-01,0.000481579221389694,-0.00117201378856091
"1113",2019-02-04,0.0070107756863429,0
"1114",2019-02-05,0.00418319556171109,0
"1115",2019-02-06,-0.00131916148199007,0.000478648849344232
"1116",2019-02-07,-0.00957854920940804,0.000717046820757794
"1117",2019-02-08,0.00122076596938303,0.000358421604531145
"1118",2019-02-11,0.000554372060841857,-0.000358421604531145
"1119",2019-02-12,0.0127775278849018,-0.000119348810621922
"1120",2019-02-13,0.00324158721822521,-0.000717496512402604
"1121",2019-02-14,-0.00222055982507197,0.00131492233273711
"1122",2019-02-15,0.0108383133297369,-0.000478077009712585
"1123",2019-02-19,0.00172891044561219,0.000716799608516894
"1124",2019-02-20,0.00201349119832628,-0.000119445064697743
"1125",2019-02-21,-0.00356213521857818,-0.000358238977831604
"1126",2019-02-22,0.00618089917832787,0.000716531379072904
"1127",2019-02-25,0.00136022886724074,-0.000119319612308821
"1128",2019-02-26,-0.000715720364567574,0.000477398917231753
"1129",2019-02-27,-0.00042970002034437,-0.000238664913537079
"1130",2019-02-28,-0.00186431919704866,-0.000238734003694674
"1131",2019-03-01,0.00622454584381504,-0.000670194027330595
"1132",2019-03-04,-0.00364419878116085,0.000239354628334354
"1133",2019-03-05,-0.00136092611553718,0.000119649773909991
"1134",2019-03-06,-0.0060753321201652,0.000717731379459075
"1135",2019-03-07,-0.00840069555528089,0.000836583728287543
"1136",2019-03-08,-0.00200199383379207,0.000358415061600503
"1137",2019-03-11,0.0143971500280236,-0.000238868604743203
"1138",2019-03-12,0.00376391640922957,0.000358275466298963
"1139",2019-03-13,0.00659741637393374,0.000119404698603276
"1140",2019-03-14,-0.00063999127025216,0.000238839175997541
"1141",2019-03-15,0.00492835686088799,0.000358115581885698
"1142",2019-03-18,0.00361926020971914,-0.000238669025995009
"1143",2019-03-19,0.000247995562649095,-0.00011944655589069
"1144",2019-03-20,-0.00301449857625702,0.00143151239193262
"1145",2019-03-21,0.0112313952693839,0
"1146",2019-03-22,-0.0194340263859347,0.00166746972120801
"1147",2019-03-25,-0.000752243287754695,0.00107044833263981
"1148",2019-03-26,0.00742651063219935,-0.000118867416180279
"1149",2019-03-27,-0.00524286277922492,0.000831907694542444
"1150",2019-03-28,0.00378338945114542,-0.000118975212061834
"1151",2019-03-29,0.00628561088276758,-0.000594065066300331
"1152",2019-04-01,0.0117893320376892,-0.00102484065290653
"1153",2019-04-02,0.000489752556895873,0.000476755337054158
"1154",2019-04-03,0.00157238167278262,-0.000476755337054158
"1155",2019-04-04,0.00264990773556573,0.000238406080483422
"1156",2019-04-05,0.00482863188864435,-0.000119238114263176
"1157",2019-04-08,0.000761971404980244,-0.000238434512658259
"1158",2019-04-09,-0.0051380001642638,0.000119266546438013
"1159",2019-04-10,0.003405220594626,0.000834311224417128
"1160",2019-04-11,-0.000277561967296336,-0.000595905143933706
"1161",2019-04-12,0.00674310868267369,-0.000596164004155852
"1162",2019-04-15,-0.000654993516845614,0.000119114161623912
"1163",2019-04-16,0.000654993516845614,-0.000119114161623912
"1164",2019-04-17,-0.00244989788168315,0.00035775792367243
"1165",2019-04-18,0.00196721924626431,0.000238406080483422
"1166",2019-04-22,0.000861650973829953,0.000119223898229492
"1167",2019-04-23,0.00895141455110249,0.000476681245704214
"1168",2019-04-24,-0.00222173475448528,0.00059545397027172
"1169",2019-04-25,-0.000616279967725397,0
"1170",2019-04-26,0.00464614832535482,0.00107098697301566
"1171",2019-04-29,0.00156639906480383,-0.00035686421804737
"1172",2019-04-30,0.000510307127868259,0.000713517002724373
"1173",2019-05-01,-0.00754483296535469,-0.000881808513172544
"1174",2019-05-02,-0.00216132914843481,-0.000476967773737513
"1175",2019-05-03,0.00974021453167051,0.000357840390161179
"1176",2019-05-06,-0.00412371624749763,0.000595951928325178
"1177",2019-05-07,-0.0168406964833867,0.000476501153498177
"1178",2019-05-08,-0.00139021300105036,-0.000119097994475403
"1179",2019-05-09,-0.00303038196146765,0.000595372202760736
"1180",2019-05-10,0.00501082972186673,0.000238064075885447
"1181",2019-05-13,-0.0254513398355583,0.00118960294147819
"1182",2019-05-14,0.00900298958695966,0
"1183",2019-05-15,0.00584037986334174,0.000712968018409477
"1184",2019-05-16,0.00921868703946949,-0.000594290600432146
"1185",2019-05-17,-0.0064860925866439,0.000237864136594546
"1186",2019-05-20,-0.00663410649833018,-0.000475520958050701
"1187",2019-05-21,0.00897534570760783,-0.000475651173636571
"1188",2019-05-22,-0.00307624275319718,0.000475651173636571
"1189",2019-05-23,-0.0122937909256606,0.0017817933839952
"1190",2019-05-24,0.00226579903363522,-0.000356088014078715
"1191",2019-05-28,-0.0093440917190275,0.000830762647304084
"1192",2019-05-29,-0.00673332520097603,0.00011860354264126
"1193",2019-05-30,0.00272752493916961,0.000829795289204682
"1194",2019-05-31,-0.013567011295704,0.00213108872295642
"1195",2019-06-03,-0.00254612425429013,0.00188235779406298
"1196",2019-06-04,0.0214744745590796,-0.000710072326312705
"1197",2019-06-05,0.00862481146279936,0.000473258883635808
"1198",2019-06-06,0.00648158153762601,-0.000591563910986359
"1199",2019-06-07,0.009957329392976,0.00106477752743217
"1200",2019-06-10,0.00457846346690882,-0.000946472500081619
"1201",2019-06-11,-0.000242251639179791,-0.000355040534166129
"1202",2019-06-12,-0.00176683982589143,0.000828299417801936
"1203",2019-06-13,0.00411767263951113,0.00106431476028224
"1204",2019-06-14,-0.00110544238687549,-0.000354590187208181
"1205",2019-06-17,0.000380043074389214,-0.000472911130397158
"1206",2019-06-18,0.010416659923032,0.000118207072515197
"1207",2019-06-19,0.00225460963909274,0.0021263039251691
"1208",2019-06-20,0.00950904455034074,0.00047194613443402
"1209",2019-06-21,-0.00145469776553764,-0.00047194613443402
"1210",2019-06-24,-0.0012252155468353,0.000589927563765968
"1211",2019-06-25,-0.00985633753167825,0.000235719266559187
"1212",2019-06-26,-0.000997984334123458,-0.00117963973038204
"1213",2019-06-27,0.0035397143924456,0.000825939034490908
"1214",2019-06-28,0.00513259703363289,0
"1215",2019-07-01,0.00903761968173544,-0.000638319669142184
"1216",2019-07-02,0.00260091833905385,0.000591106570734468
"1217",2019-07-03,0.00796333127532378,0.000236316329067954
"1218",2019-07-05,-0.00113854253095003,-0.00201050681278137
"1219",2019-07-08,-0.00550997435416445,-0.000473628137006799
"1220",2019-07-09,0.00124572578648152,-0.00035537730481483
"1221",2019-07-10,0.00476664004772509,0.00177567248912514
"1222",2019-07-11,0.00234153800754378,-0.000473275020968167
"1223",2019-07-12,0.00446694403014103,0.000118318945165896
"1224",2019-07-15,0.000332583020052013,0.000236595900491743
"1225",2019-07-16,-0.00323049549398213,-0.000354914845657639
"1226",2019-07-17,-0.00682830865267547,0.000946231102635586
"1227",2019-07-18,0.00365423259189779,0.00118140656229215
"1228",2019-07-19,-0.00557039542611459,-0.0010631995146273
"1229",2019-07-22,0.00245342200375465,0.000118098042860559
"1230",2019-07-23,0.00712461065587,-0.000236305090525413
"1231",2019-07-24,0.00468857341293205,0.000236305090525413
"1232",2019-07-25,-0.00478851451353179,-0.000590998207870008
"1233",2019-07-26,0.00667766302809092,0.000118153901352613
"1234",2019-07-29,-0.00182283939356687,0
"1235",2019-07-30,-0.00245775359793488,0.000118318193769618
"1236",2019-07-31,-0.0110006775612188,-0.000118318193769618
"1237",2019-08-01,-0.00874606925064914,0.00283895612503748
"1238",2019-08-02,-0.00755793863667531,0.000236224172612154
"1239",2019-08-05,-0.0305346162606224,0.00200540142679007
"1240",2019-08-06,0.0139255463313601,0.000471358702526459
"1241",2019-08-07,0.000590518649030258,0.000117840421196114
"1242",2019-08-08,0.019430088114861,-0.000353397425708835
"1243",2019-08-09,-0.00683485545428475,-0.000589407443359669
"1244",2019-08-12,-0.0122480077764662,0.00106064322176191
"1245",2019-08-13,0.0154319980479309,-0.00117851199130126
"1246",2019-08-14,-0.0300134986844949,0.00129624194107514
"1247",2019-08-15,0.0026382869536361,0.00211730295663592
"1248",2019-08-16,0.0146471721983756,-0.000117563467503246
"1249",2019-08-19,0.0119757302126562,-0.00105812704509134
"1250",2019-08-20,-0.00769198422408923,0.000705507032908059
"1251",2019-08-21,0.00810248986466178,-0.000940853599637137
"1252",2019-08-22,-0.00030783594118855,-0.000470847550630538
"1253",2019-08-23,-0.0260231438849114,0.00164690896880515
"1254",2019-08-26,0.010997676514541,-0.000470199615019595
"1255",2019-08-27,-0.0039312600349497,0.000352608518092268
"1256",2019-08-28,0.00701682893699207,0.000235003290573133
"1257",2019-08-29,0.0126921305817911,-0.000470061820674772
"1258",2019-08-30,-0.000444396172274431,0.000352649627028967
