"","Date","Defensive_Portfolio_weekly_rebalance_portfolio_Return","Aggressive_Portfolio_weekly_rebalance_portfolio_Return"
"1",2014-09-03,0.00361055909917107,0.000786847207690844
"2",2014-09-04,-0.00517870798698084,-0.00327935879238528
"3",2014-09-05,0.0110653681609405,0.00271792082377509
"4",2014-09-08,-0.00410695027658869,-0.00462562459657678
"5",2014-09-09,-0.00810903907023042,-0.0107655076351726
"6",2014-09-10,-0.00182000152881501,0.0018956622289239
"7",2014-09-11,0.00454388305046893,0.00220886402945686
"8",2014-09-12,-0.0153735204692799,-0.00752005387717702
"9",2014-09-15,-3.60555787148886e-06,-0.00894621132459217
"10",2014-09-16,0.0100980434789222,0.00495402621305341
"11",2014-09-17,-0.00240376898164518,0.000325420252561992
"12",2014-09-18,-0.00371185597377333,0.00646913570938801
"13",2014-09-19,0.00224369151499504,-0.00775520820722053
"14",2014-09-22,-0.00868549144208974,-0.0160889329414409
"15",2014-09-23,-0.00548894563270452,-0.00525743144507218
"16",2014-09-24,0.00191246856720606,0.00873663223608934
"17",2014-09-25,-0.00611905592817896,-0.01765675203079
"18",2014-09-26,0.00433116722096627,0.0093555701769843
"19",2014-09-29,0.00177054661531439,-0.00222949991261823
"20",2014-09-30,0.000164151295879433,-0.00590499379760656
"21",2014-10-01,0.00018645539365969,-0.0214433967880949
"22",2014-10-02,0.00256026437333801,0.00273217399348202
"23",2014-10-03,0.00425522231447761,0.00413224240948762
"24",2014-10-06,0.000265471296215125,-0.00638141150748783
"25",2014-10-07,-0.00375253641127482,-0.0241485161629359
"26",2014-10-08,0.0233155257406881,0.0131149561227732
"27",2014-10-09,-0.00889811251060935,-0.0383620861814927
"28",2014-10-10,0.0044926952443769,-0.0299581814550312
"29",2014-10-13,0.00192210026885853,-0.0247236388224386
"30",2014-10-14,0.0159132125300943,-0.00120917451981739
"31",2014-10-15,-0.00380915186227504,-0.00574735700009388
"32",2014-10-16,-0.00649598508143623,0.0174824857859279
"33",2014-10-17,0.000423008624409027,0.0146012019735882
"34",2014-10-20,0.0165579455400764,0.00830322484156198
"35",2014-10-21,0.00649893310939342,0.0307032499028281
"36",2014-10-22,-0.000216975937061492,-0.0180576785907198
"37",2014-10-23,-0.000106962797487009,0.0170607863958241
"38",2014-10-24,0.00567579779001104,0.00562074791590961
"39",2014-10-27,0.00370050305007852,-0.00702048550772827
"40",2014-10-28,0.00530584943963053,0.0195599317351705
"41",2014-10-29,-0.00568595689006812,0.00503109138611713
"42",2014-10-30,0.011857481006184,-0.00436507520369878
"43",2014-10-31,0.00134691433721956,0.0235559193128996
"44",2014-11-03,0.00811027906333361,-0.0008137577515267
"45",2014-11-04,-0.00168041141555575,-0.00974573136555645
"46",2014-11-05,0.00739037321697245,0.0090677402516417
"47",2014-11-06,-0.0100998202566062,0.0042676127742558
"48",2014-11-07,0.00711142782914154,0.00152740671843454
"49",2014-11-10,0.00189063632961006,-0.00388406111568607
"50",2014-11-11,0.00169854177099849,0.00144532890505777
"51",2014-11-12,-0.0108631788243548,-0.00119736479598653
"52",2014-11-13,-0.00367111731350389,-0.00646949648065198
"53",2014-11-14,-0.00263426400021827,0.00374579185172785
"54",2014-11-17,0.00654714634786302,-0.00420059543145745
"55",2014-11-18,0.00371022802231269,0.00659963047753842
"56",2014-11-19,-0.00448392638243111,-0.000792948695379048
"57",2014-11-20,-0.00135894895197075,0.0107239144598386
"58",2014-11-21,0.00262333385640567,0.0140108687541101
"59",2014-11-24,-0.00355589585723737,0.00365646907248562
"60",2014-11-25,-0.000777461450288119,-0.00568713860974701
"61",2014-11-26,0.00666209046393051,-0.000503613363125321
"62",2014-11-28,0.00841574440782833,-0.0295977622749808
"63",2014-12-01,0.00339729096329489,-0.014736539293923
"64",2014-12-02,0.00394682541889524,0.00867698435451358
"65",2014-12-03,0.0023213655976595,0.0171529397674655
"66",2014-12-04,0.00031626624991854,-0.00849096880585964
"67",2014-12-05,-0.00490189742869374,0.00203350842933525
"68",2014-12-08,0.00736260121344157,-0.0246717288123131
"69",2014-12-09,0.00472042323536104,0.00524646719130395
"70",2014-12-10,-0.00739820883991005,-0.0308358514947978
"71",2014-12-11,0.00772245750957445,-0.00209266663999197
"72",2014-12-12,-0.0103377188609549,-0.0212225610657876
"73",2014-12-15,-0.00996362326769462,-0.0112049583894835
"74",2014-12-16,-0.00253268864320477,-0.00435401548244685
"75",2014-12-17,0.017487196395622,0.0279706880010056
"76",2014-12-18,0.0196221252927768,0.0263171046995929
"77",2014-12-19,0.0011699075466336,0.0162725429731563
"78",2014-12-22,0.00399664924970722,0.000200495325088479
"79",2014-12-23,0.00321811870221622,0.00958083551146505
"80",2014-12-24,0.0095406087142631,-0.00451334674896231
"81",2014-12-26,0.00652959458536428,0.00161520481770916
"82",2014-12-29,0.00715354396233758,0.00321798660436845
"83",2014-12-30,-0.012384496744993,-0.0050702887901598
"84",2014-12-31,-0.0161518499773123,-0.00950510934834703
"85",2015-01-02,0.00465868836401051,0.0000646122905503255
"86",2015-01-05,-0.0044089136556964,-0.0324496241427275
"87",2015-01-06,0.00633978702122806,-0.0153846622208154
"88",2015-01-07,0.0135165327103637,0.00657190498374671
"89",2015-01-08,0.007761971813673,0.0236002098689385
"90",2015-01-09,-0.00252651771820844,-0.00337792254384406
"91",2015-01-12,-0.00130076370353793,-0.0208221707174623
"92",2015-01-13,0.00153740181540529,-0.00841517591643548
"93",2015-01-14,0.00542939370567486,-0.0125513267971664
"94",2015-01-15,0.0095281524471218,-0.0167109674270468
"95",2015-01-16,0.013624927161398,0.0112794115663468
"96",2015-01-20,0.00561233126995053,-0.00388921894314576
"97",2015-01-21,0.00381093386486531,0.0181666558152511
"98",2015-01-22,0.00646137997943774,0.0147511700684251
"99",2015-01-23,-0.00202938787419193,-0.00281047890661523
"100",2015-01-26,0.00377977797009477,0.0135170800250126
"101",2015-01-27,-0.000217259111606638,-0.014543380985258
"102",2015-01-28,-0.00866065578184561,-0.0282829749260916
"103",2015-01-29,0.00872175399823893,0.00723142806223454
"104",2015-01-30,-0.0162325922020917,-0.0152709239406159
"105",2015-02-02,0.00302361088416481,0.0263216620245816
"106",2015-02-03,0.000736126294409667,0.0282673171521803
"107",2015-02-04,-0.00185424216621111,-0.00250209282046077
"108",2015-02-05,0.00854408211539148,0.0227944041002854
"109",2015-02-06,-0.0281253868742324,-0.00107299352931811
"110",2015-02-09,-0.0076060389827447,0.00270814821098142
"111",2015-02-10,0.0123418941052125,0.00718870253293313
"112",2015-02-11,-0.00928915393507601,-0.000366891212809972
"113",2015-02-12,0.00194957694134268,0.0217200125899244
"114",2015-02-13,-0.00648806954825165,0.0126908269384873
"115",2015-02-17,-0.00266441235290937,0.00519804627642761
"116",2015-02-18,0.0176488924488727,-0.00689452442719218
"117",2015-02-19,-0.0108045641112769,0.000747575972909864
"118",2015-02-20,0.00562460275348808,0.0053474966044238
"119",2015-02-23,0.00709819277973534,-0.00199665645179836
"120",2015-02-24,-0.00125209189192088,0.000285174608195993
"121",2015-02-25,-0.00745529685998314,-0.0000106720035509822
"122",2015-02-26,-0.00687676732908094,-0.00750563710009444
"123",2015-02-27,-0.000713789907161533,-0.000236610011606464
"124",2015-03-02,-0.00924775937382138,0.00732242329095012
"125",2015-03-03,0.000967632588897871,-0.00788202370177138
"126",2015-03-04,-0.00446982081256098,-0.00519120697770281
"127",2015-03-05,0.00741904804248272,-0.00347592662694474
"128",2015-03-06,-0.0311325067536611,-0.0176200662689082
"129",2015-03-09,0.00302669354879148,-0.00338444364686796
"130",2015-03-10,-0.00598357055221188,-0.0219545678388208
"131",2015-03-11,-0.00184845057145755,-0.000986480317016869
"132",2015-03-12,0.014135655843782,0.00445990441780886
"133",2015-03-13,-0.00764974379848926,-0.00603825409442504
"134",2015-03-16,0.0124040452890628,0.00786703698967495
"135",2015-03-17,-0.00368701711966579,-0.00792441124349896
"136",2015-03-18,0.0178375343021686,0.0104508847359517
"137",2015-03-19,-0.00370830052656701,-0.00647877395273111
"138",2015-03-20,0.0117772688527802,0.010536339249035
"139",2015-03-23,0.000674448582419718,-0.00587399840221536
"140",2015-03-24,-0.010558063575017,-0.007277559889869
"141",2015-03-25,-0.0106499644225418,-0.0161164224913432
"142",2015-03-26,-0.00540548175846389,0.00166039461407941
"143",2015-03-27,0.00612553901800994,-0.00443935715665744
"144",2015-03-30,0.010286168274044,0.0170370661986254
"145",2015-03-31,-0.00660882751723346,-0.0096874216932441
"146",2015-04-01,0.0033304991773413,0.000358271595124249
"147",2015-04-02,0.00162340753482138,0.00741400951739246
"148",2015-04-06,0.00780301116606141,0.0147493310793652
"149",2015-04-07,-0.00832500487715349,-0.00271259358543885
"150",2015-04-08,-0.000660972161072193,0.00228834642362941
"151",2015-04-09,-0.00476922756779252,0.0118618720902546
"152",2015-04-10,0.00536295498826522,0.00747087353728881
"153",2015-04-13,-0.00664783073001751,-0.00288466824726175
"154",2015-04-14,0.00802112664180066,0.000727521871522363
"155",2015-04-15,-0.00182436264557218,0.0197978407364656
"156",2015-04-16,-0.00112866838389403,-0.000197165063900218
"157",2015-04-17,-0.00609198220208751,-0.0139713471609362
"158",2015-04-20,0.0063878004546325,0.00805495522123501
"159",2015-04-21,-0.00469796023034241,-0.00998261829552327
"160",2015-04-22,-0.000542700097451054,0.00517694471278585
"161",2015-04-23,0.00292269951899016,0.000378479747494165
"162",2015-04-24,0.00717077425098944,-0.00172239720963852
"163",2015-04-27,-0.00711906707295284,-0.000786455477933545
"164",2015-04-28,0.00657501444232444,0.0051422133199388
"165",2015-04-29,-0.00808098770624299,-0.00571811604566541
"166",2015-04-30,-0.010999335255913,-0.00988143730551616
"167",2015-05-01,0.00439897888101792,0.00998082518440868
"168",2015-05-04,0.00396470034851149,0.00623934939008741
"169",2015-05-05,-0.0170654753796488,-0.0133388736294304
"170",2015-05-06,-0.00270092624618157,-0.00293643285276135
"171",2015-05-07,0.00813986596941341,-0.00474513874511173
"172",2015-05-08,0.00731983965605298,0.00869019913646962
"173",2015-05-11,-0.00271211917497738,-0.00827320371705298
"174",2015-05-12,0.00036276227538079,-0.00187230938209137
"175",2015-05-13,-0.00611615825025391,0.00160279149884146
"176",2015-05-14,0.0151618287919359,0.00365476229894846
"177",2015-05-15,0.00816575930524133,-0.00345499821106288
"178",2015-05-18,0.0005359191265355,0.00407313258571174
"179",2015-05-19,-0.000885467238393889,-0.012400862127376
"180",2015-05-20,0.00369560582578954,0.00376442776107
"181",2015-05-21,-0.00411388880495756,0.00499423935923438
"182",2015-05-22,-0.00194629351384301,-0.00409896413165522
"183",2015-05-26,-0.00618959217143222,-0.0162186146369394
"184",2015-05-27,0.00853695449084091,0.0100743285533118
"185",2015-05-28,-5.16273073247753e-06,-0.00390830033883272
"186",2015-05-29,-0.0039769132655143,-0.0104802126129091
"187",2015-06-01,0.000870812925102937,-0.0013979066422336
"188",2015-06-02,-0.0115248303377394,0.00826580907974117
"189",2015-06-03,-0.0106077428475293,0.0018877221431246
"190",2015-06-04,-0.00317786522608554,-0.0055380227538494
"191",2015-06-05,-0.013382330076164,0.00594752492827832
"192",2015-06-08,-0.00100720321365044,-0.0162846996894871
"193",2015-06-09,-0.0054261890148547,-0.000841698585817396
"194",2015-06-10,0.00228061196674845,0.0140066160894645
"195",2015-06-11,0.00667538587681626,0.000535498826652381
"196",2015-06-12,-0.00532136347507228,-0.00827023764499935
"197",2015-06-15,-0.00187841093257557,-0.00753976765179865
"198",2015-06-16,0.0056044538023603,0.00629373528539556
"199",2015-06-17,0.00761055360155027,0.00201327400114049
"200",2015-06-18,0.0115870466282637,0.005123200657011
"201",2015-06-19,-0.0065178760161253,-0.00477361918527852
"202",2015-06-22,-0.00159485475253529,0.00523180115517508
"203",2015-06-23,-0.00753582267283293,0.0018564691894023
"204",2015-06-24,-0.00648536997381066,-0.0100978025157099
"205",2015-06-25,-0.00337597109846877,-0.0101823593696453
"206",2015-06-26,0.00497563956588243,-0.0110840408799018
"207",2015-06-29,-0.0115758796213513,-0.0317943504755801
"208",2015-06-30,0.00172173026661038,0.00406573788706743
"209",2015-07-01,0.0107291315632365,-0.000659290525199197
"210",2015-07-02,0.0105704037903416,0.00309349343499687
"211",2015-07-06,0.00378021526844319,-0.0139674686337892
"212",2015-07-07,0.0167969406119868,-0.00306536986315498
"213",2015-07-08,-0.00253079706942372,-0.0320897524044046
"214",2015-07-09,-0.00456497102209796,0.00256168624119524
"215",2015-07-10,0.00885712790684412,0.00422175513093626
"216",2015-07-13,-0.000533933227180428,0.00905206769605882
"217",2015-07-14,-0.000790162885121792,0.0134667164579443
"218",2015-07-15,0.000293658140137154,-0.0148810306779696
"219",2015-07-16,0.0106970732796856,-0.00186134494198753
"220",2015-07-17,-0.0102205743896117,-0.011372096822128
"221",2015-07-20,-0.00681816298900884,-0.0140589581637002
"222",2015-07-21,-0.00464108138918917,-0.000170571653274609
"223",2015-07-22,0.00375293249627706,-0.0102563728078332
"224",2015-07-23,-0.010664663237348,-0.00941183195841355
"225",2015-07-24,0.000956718002262491,-0.0284021077760358
"226",2015-07-27,0.00635783848010285,-0.0177131707638725
"227",2015-07-28,0.00547384507767901,0.0313527549302992
"228",2015-07-29,0.00404191842236234,0.0169108186673153
"229",2015-07-30,0.00587276958692828,0.000661989386121276
"230",2015-07-31,0.00561431601796203,-0.0106226401694418
"231",2015-08-03,0.002017021308794,0.000866473329462547
"232",2015-08-04,-0.00586524141604838,-0.00273101325610847
"233",2015-08-05,0.0043907952561788,-0.00346735484489935
"234",2015-08-06,0.00345572109934644,-0.00234701786399794
"235",2015-08-07,0.00519115017860816,-0.00316331132383152
"236",2015-08-10,0.00182915240476422,0.0234697014733338
"237",2015-08-11,0.00372512724603125,-0.0257420794043046
"238",2015-08-12,0.0119574772337268,0.00026035168692462
"239",2015-08-13,-0.00228190081320223,-0.0163247280322404
"240",2015-08-14,0.00764662476448286,-0.000505207511819927
"241",2015-08-17,0.0056435191672648,0.005695835651224
"242",2015-08-18,-0.00183037728976865,-0.00631384464178597
"243",2015-08-19,0.00267391846318632,-0.0197435647434251
"244",2015-08-20,-0.00244228538474622,-0.0324473271574998
"245",2015-08-21,-0.0145350060060008,-0.025398297361139
"246",2015-08-24,-0.0417075949861333,-0.0479469073556456
"247",2015-08-25,-0.0250287779077669,-0.0206226265599206
"248",2015-08-26,0.0205962069164398,0.0298401592799318
"249",2015-08-27,0.0167010716322269,0.0521180465183466
"250",2015-08-28,0.000204437309617722,0.00957935713978153
"251",2015-08-31,-0.0130040922330857,0.000362323670431763
"252",2015-09-01,-0.0191046277281143,-0.0427715392977631
"253",2015-09-02,0.0086546089635946,0.0163303604586638
"254",2015-09-03,0.00498932164739285,0.00527218974262578
"255",2015-09-04,-0.0147694915764784,-0.0155464587900985
"256",2015-09-08,0.0199267662147984,0.0287132572382198
"257",2015-09-09,-0.012166215120755,-0.0162173749143626
"258",2015-09-10,0.00137462751713513,0.00138096904480145
"259",2015-09-11,0.0124670680401855,0.00174465286455816
"260",2015-09-14,-0.00118892527474956,-0.00875914233661501
"261",2015-09-15,0.00682015677196501,0.0103893322126427
"262",2015-09-16,0.011672140198163,0.0224954500810759
"263",2015-09-17,0.00844745738371322,-0.00782004277928128
"264",2015-09-18,-0.00309732828729681,-0.0319784318268426
"265",2015-09-21,0.00551532794128584,0.000015279724999484
"266",2015-09-22,-0.0120095476178911,-0.0242746102050547
"267",2015-09-23,0.00549811768309794,-0.0181921023606615
"268",2015-09-24,0.00775494695300716,0.000478770042386722
"269",2015-09-25,0.00937123230139369,0.000285409838045592
"270",2015-09-28,-0.0119059149118032,-0.0419863661420666
"271",2015-09-29,0.00140693930850189,0.0103745919885494
"272",2015-09-30,0.0137225177838569,0.0307670239206539
"273",2015-10-01,-0.00760228530185281,-0.00124140024987152
"274",2015-10-02,0.0126525455176387,0.0388550462573665
"275",2015-10-05,0.0134045117425212,0.0333017644197175
"276",2015-10-06,-0.010971919110931,0.0174537991928907
"277",2015-10-07,0.001825079709175,0.0221761667273692
"278",2015-10-08,0.0110482688995091,0.0211397560109081
"279",2015-10-09,-0.00238467426305122,0.00104767453990773
"280",2015-10-12,0.00840169771485,-0.0150745015095883
"281",2015-10-13,-0.0055920309111126,-0.00935886013488951
"282",2015-10-14,-0.000780342295045422,0.00649865233705582
"283",2015-10-15,0.0107640637511823,0.0135707695559528
"284",2015-10-16,0.0024592072102585,-0.0061091486342788
"285",2015-10-19,0.0023649235616261,-0.00940813411541308
"286",2015-10-20,0.0021808659010325,-0.00424443955737719
"287",2015-10-21,-0.00709252753760081,-0.0148698855589079
"288",2015-10-22,0.0165637771544012,0.0180751495151232
"289",2015-10-23,-0.00811754352475025,0.0212434666328747
"290",2015-10-26,0.00137374611624086,-0.0141834830278861
"291",2015-10-27,-0.00223029470470948,-0.0120484958915629
"292",2015-10-28,-0.00599585830969329,0.0246680211333148
"293",2015-10-29,-0.00304845839867096,-0.0171209571843487
"294",2015-10-30,-0.00367462907164962,0.00858982218868354
"295",2015-11-02,0.00476644833100326,0.0212450881841861
"296",2015-11-03,-0.00186853880040339,0.0175462444203554
"297",2015-11-04,-0.00145534916507817,-0.00658952131028512
"298",2015-11-05,-0.00428948026077491,0.00219825832668841
"299",2015-11-06,-0.0286680631519132,0.00701603312435717
"300",2015-11-09,-0.000421597591268363,-0.00638241429736797
"301",2015-11-10,0.0104258813605669,-0.00957747003158294
"302",2015-11-11,0.00947299972221272,-0.0178169932630707
"303",2015-11-12,-0.0115433847992529,-0.0205789905279213
"304",2015-11-13,-0.0054626823584174,-0.0142247039754488
"305",2015-11-16,0.0163978239841096,0.0192432397128683
"306",2015-11-17,-0.00868499568057057,-0.00426756222489055
"307",2015-11-18,0.012961668803994,0.0208678135133205
"308",2015-11-19,0.00740208997089753,-0.00509877389742919
"309",2015-11-20,0.00386714333722327,-0.00340672727341751
"310",2015-11-23,-0.00188907116463299,-0.00147405629556929
"311",2015-11-24,0.0000340010876851427,0.0183179833296019
"312",2015-11-25,0.00136943761060304,-0.00314200043388013
"313",2015-11-27,0.00503618433575115,-0.00724537194706609
"314",2015-11-30,0.000099480544861974,0.0105600726257054
"315",2015-12-01,0.00616368203646411,0.0133765220716475
"316",2015-12-02,-0.015691047224787,-0.0228637975210432
"317",2015-12-03,-0.00478927781061156,-0.0180157809147767
"318",2015-12-04,0.0249727721531054,0.00907102581626029
"319",2015-12-07,0.00477745718243416,-0.0268396859997472
"320",2015-12-08,-0.0023344467534917,-0.0129434078985556
"321",2015-12-09,-0.00783489568689133,-0.00206296923943106
"322",2015-12-10,-0.0129198268087592,0.00776903939160967
"323",2015-12-11,-0.000991533910103204,-0.0362638484043303
"324",2015-12-14,0.00856165928190622,-0.0131740396034679
"325",2015-12-15,0.00598982284265293,0.0220722853736404
"326",2015-12-16,0.0194508285732513,0.0101195739743898
"327",2015-12-17,-0.0069553402443836,-0.0286897158712399
"328",2015-12-18,-0.0116668059624018,-0.0125726937368075
"329",2015-12-21,0.00255259190496226,0.0121644641673551
"330",2015-12-22,0.00631279745349866,0.0178256970564141
"331",2015-12-23,0.00871771177853953,0.0351060575766542
"332",2015-12-24,0.00399757088813901,0.00271618340848989
"333",2015-12-28,0.00317698405026001,-0.0152004420127675
"334",2015-12-29,0.00624740956996561,0.0103524655937326
"335",2015-12-30,-0.00339720865814164,-0.013909770054337
"336",2015-12-31,-0.0114576113908297,-0.00600590756510933
"337",2016-01-04,-0.00541626213879853,-0.0145563899362006
"338",2016-01-05,0.00706230155693399,-0.00111300183837404
"339",2016-01-06,0.000512659416903594,-0.0497282407425039
"340",2016-01-07,-0.00604152436920669,-0.0514442943463203
"341",2016-01-08,-0.00556557087588583,-0.0185180789238052
"342",2016-01-11,0.00403427816099966,-0.026958463507342
"343",2016-01-12,-0.000248600715540892,-0.00383918217328516
"344",2016-01-13,-0.00578385088520394,-0.0499571627881937
"345",2016-01-14,0.00739831184664941,0.0121144003712497
"346",2016-01-15,-0.00620368965670859,-0.0331756123124322
"347",2016-01-19,0.00711150899354807,-0.022849860897597
"348",2016-01-20,-0.015525677814648,-0.0164268513131324
"349",2016-01-21,-0.00460502768652704,0.0282093694056498
"350",2016-01-22,0.0187470740085269,0.02090786534815
"351",2016-01-25,-0.0042034117816605,-0.0364150413552121
"352",2016-01-26,0.0154902525697802,0.0262068867503695
"353",2016-01-27,0.00256612173902626,0.00322689269114895
"354",2016-01-28,0.016326739244007,-0.010081066740606
"355",2016-01-29,0.0205341721090926,0.0482799055608423
"356",2016-02-01,0.00981858969697957,-0.00255278310591145
"357",2016-02-02,0.00189459368417233,-0.050279710803585
"358",2016-02-03,0.00637758870347427,0.0306039930108379
"359",2016-02-04,-0.00919273876646909,0.0139525926139117
"360",2016-02-05,-0.0035441284755765,-0.0416454474318001
"361",2016-02-08,0.00260434175533364,-0.0474928897288655
"362",2016-02-09,0.00626698727015884,-0.0163223501484253
"363",2016-02-10,0.00222473851774629,-0.00417796040151019
"364",2016-02-11,-0.00337671174354481,-0.0194404914054643
"365",2016-02-12,0.000851738172184868,0.0395259809092769
"366",2016-02-16,0.00588312805624702,0.034556216217144
"367",2016-02-17,0.00366463689091656,0.0331061081546
"368",2016-02-18,0.00535420992674296,-0.00225476265477909
"369",2016-02-19,0.000790172179724991,-0.00981976898432102
"370",2016-02-22,0.00447255550978265,0.0390603201792843
"371",2016-02-23,0.00677330240465324,-0.0344747730689735
"372",2016-02-24,0.00195815496470675,0.00599823011794665
"373",2016-02-25,0.0125193384246187,0.00948507911997054
"374",2016-02-26,-0.0209562590378547,0.0245767481469465
"375",2016-02-29,-0.00127806854334367,-0.0025163460622456
"376",2016-03-01,0.000502512409900069,0.0282244302181807
"377",2016-03-02,0.00913551845931027,0.039938531730388
"378",2016-03-03,0.00338333098661914,0.0269912682009614
"379",2016-03-04,0.0034721740660586,0.0176506579653781
"380",2016-03-07,-0.00201277452813164,0.0129376016014202
"381",2016-03-08,0.00825446582275191,-0.0521574622120814
"382",2016-03-09,0.00382831921074356,0.0107545477818758
"383",2016-03-10,0.00346073296145821,0.00258921082399066
"384",2016-03-11,0.00343549865148063,0.0402007446565671
"385",2016-03-14,0.000411179990063237,0.000987214375314682
"386",2016-03-15,0.00462535574336709,-0.0183276495084296
"387",2016-03-16,0.00999908376061365,0.0265536824669745
"388",2016-03-17,0.00660513524740836,0.0158305022773346
"389",2016-03-18,-0.00766784693351175,0.0149727539091893
"390",2016-03-21,-0.00393798848511473,-0.0000668642900752969
"391",2016-03-22,-0.0041704735413346,0.00370432485901784
"392",2016-03-23,0.00238944195483581,-0.0352894298115539
"393",2016-03-24,0.00093076378693091,0.00689883875904673
"394",2016-03-28,0.00319969946966703,-0.00144500675750936
"395",2016-03-29,0.0167177591180123,0.0128699279283411
"396",2016-03-30,-0.00268684077284831,0.00468298129237232
"397",2016-03-31,0.00344075180288184,0.00652038581153414
"398",2016-04-01,0.00751832094378302,-0.00717124884913789
"399",2016-04-04,-0.00413039668252291,-0.0167256191555524
"400",2016-04-05,-0.0111346744850915,-0.0123204739136228
"401",2016-04-06,0.00325158127972203,0.0159622690836336
"402",2016-04-07,-0.00239185771155936,-0.0141929383427798
"403",2016-04-08,0.00444631221676128,0.0167036980657811
"404",2016-04-11,-0.0024941546846361,0.00570128167196016
"405",2016-04-12,0.00382977734129009,0.0197766405737165
"406",2016-04-13,-0.00819705678310589,0.022800862158322
"407",2016-04-14,-0.0062642033833028,-0.00375094454052693
"408",2016-04-15,0.00734025620017786,-0.00327713866235368
"409",2016-04-18,0.00328996017355565,0.0114374376742177
"410",2016-04-19,0.00186735180961017,0.0120722942189817
"411",2016-04-20,-0.0195576700937669,0.0114095689246523
"412",2016-04-21,-0.0196873281994281,-0.00753266116599016
"413",2016-04-22,0.00532334106493693,0.0288991843511419
"414",2016-04-25,0.00417057584023661,-0.0207552940448055
"415",2016-04-26,0.000632080856766137,0.0228109499604749
"416",2016-04-27,0.00422512182798496,0.0129587923277354
"417",2016-04-28,0.00312739000384932,-0.0277363629115113
"418",2016-04-29,0.00311185891620247,-0.0157276740163917
"419",2016-05-02,0.00950925030525829,0.00631005163298326
"420",2016-05-03,-0.00105444932611609,-0.0293443269458822
"421",2016-05-04,0.00939311983551749,-0.0234522352143456
"422",2016-05-05,-0.00103205583902777,-0.00408058055480232
"423",2016-05-06,0.00304760285348471,0.00406290335159487
"424",2016-05-09,0.00565727191265641,-0.0154486308987722
"425",2016-05-10,0.00402529648936278,0.0256225277758235
"426",2016-05-11,-0.000989090528351388,0.000959587562750386
"427",2016-05-12,0.00898099333015079,-0.0112464332976877
"428",2016-05-13,-0.00449198582135879,-0.00589400297897302
"429",2016-05-16,0.0057743345971113,0.021086423374457
"430",2016-05-17,-0.0194087156101096,0.00443841571466885
"431",2016-05-18,-0.0190561951741697,0.00682109899584704
"432",2016-05-19,0.00475803221639626,-0.00424833151067017
"433",2016-05-20,-0.0000152718226248405,0.0161044020217205
"434",2016-05-23,-0.0037561196686825,0.00882624903431428
"435",2016-05-24,0.00670123539267409,0.0160812685482472
"436",2016-05-25,-0.000843020426993801,0.036959272400932
"437",2016-05-26,0.00827633510132819,-0.00675583436416327
"438",2016-05-27,0.00137775419082731,0.0110801503233782
"439",2016-05-31,0.00268782037366155,0.00432787910018173
"440",2016-06-01,0.00514671312876036,-0.0022477515914
"441",2016-06-02,-0.000499779271926459,0.00845079697741569
"442",2016-06-03,0.0168318126183775,-0.0125371068967742
"443",2016-06-06,-0.00501352967253277,0.0202844962211968
"444",2016-06-07,-0.000524185418261935,0.0113866285011035
"445",2016-06-08,0.00509464574951224,-0.00302522463411814
"446",2016-06-09,0.00779782091840775,-0.010381802706163
"447",2016-06-10,-0.000116236039018003,-0.0310834775103008
"448",2016-06-13,-0.0015662394236805,-0.00462098804109079
"449",2016-06-14,0.00303917915587881,-0.00415755389042338
"450",2016-06-15,-0.00255982174750091,0.00501515334122948
"451",2016-06-16,0.00732165126676909,-0.00505963525049269
"452",2016-06-17,-0.00320447324505335,0.0147201576222766
"453",2016-06-20,-0.00397873130637161,0.0206553173832278
"454",2016-06-21,0.00107163154224921,0.00889524225509608
"455",2016-06-22,0.0000975858752576553,-0.00909296583889252
"456",2016-06-23,0.00393800377284803,0.0324402002773863
"457",2016-06-24,0.00685516265758856,-0.0802516223480467
"458",2016-06-27,0.0124474671310786,-0.061820048626362
"459",2016-06-28,0.00290266426088936,0.0367485079925789
"460",2016-06-29,0.00408119200985602,0.0261665779002505
"461",2016-06-30,0.0286919007707893,0.013495714071692
"462",2016-07-01,-0.00317865729650613,0.00154914199603362
"463",2016-07-05,0.0122906045841575,-0.03771920334066
"464",2016-07-06,0.0000228890826650119,0.00793139039000779
"465",2016-07-07,-0.0131632027903144,0.00890869231206382
"466",2016-07-08,0.00869232606332004,0.0252689209483357
"467",2016-07-11,-0.00182447736229741,0.0077375529508894
"468",2016-07-12,-0.0132609662157306,0.0359455874145609
"469",2016-07-13,0.00645962995610727,-0.00971246100302203
"470",2016-07-14,-0.00126610462010934,0.00666405313237561
"471",2016-07-15,-0.000469164039365366,-0.00181408459836208
"472",2016-07-18,-0.00013131748284001,0.00876243466223303
"473",2016-07-19,0.00184845670597888,-0.0113091687972262
"474",2016-07-20,-0.00650923429179107,0.00750014248149333
"475",2016-07-21,0.00394611431021574,-0.00425887086560572
"476",2016-07-22,0.00967596299521034,0.0105085738767465
"477",2016-07-25,-0.00201342103126689,0.00251299241798031
"478",2016-07-26,-0.00650920498738072,0.0210142049647009
"479",2016-07-27,-0.00712685595910512,-0.00939714994792462
"480",2016-07-28,0.00334079655326436,-0.00422782099623598
"481",2016-07-29,0.00699583003985094,-0.000157434155778402
"482",2016-08-01,0.00222371065082316,-0.0198204086872377
"483",2016-08-02,-0.00513812269951497,-0.014356971090692
"484",2016-08-03,-0.0105755846081386,0.0143854839462785
"485",2016-08-04,0.0018553052151018,0.00142621090580164
"486",2016-08-05,-0.00755121397320424,0.0211882404990904
"487",2016-08-08,-0.00197100790345106,0.0063766102927989
"488",2016-08-09,0.0027936914131943,0.00080394111373705
"489",2016-08-10,0.00405535869007312,-0.0136143734703328
"490",2016-08-11,-0.00238937372024417,0.015431580134655
"491",2016-08-12,0.00119824292413284,0.00135856023970726
"492",2016-08-15,-0.00989495874411805,0.0182444941248141
"493",2016-08-16,-0.0120022407803978,-0.00348964425786213
"494",2016-08-17,0.0102331319984801,-0.00276146620157014
"495",2016-08-18,0.00870706449640135,0.016563950584191
"496",2016-08-19,-0.00621976464289065,0.00483013107335539
"497",2016-08-22,0.00349704389100047,-0.00714266594671298
"498",2016-08-23,-0.00416266178261293,0.0110804013692105
"499",2016-08-24,-0.00718410701652428,-0.0171367926430906
"500",2016-08-25,0.00158713718433146,0.00475641660782533
"501",2016-08-26,-0.0143083694615702,0.00733361592639592
"502",2016-08-29,0.00911480937268383,0.00690271392705122
"503",2016-08-30,-0.0167486606775396,-0.00365095201063792
"504",2016-08-31,0.00312596050624925,-0.0115975412656858
"505",2016-09-01,0.000658246909266413,0.00259464323476477
"506",2016-09-02,0.0101403772203523,0.0104456391649115
"507",2016-09-06,0.00727728203004729,-0.00277412464799176
"508",2016-09-07,-0.00203672644242714,0.00836580484856508
"509",2016-09-08,-0.00418377696651173,0.00642736770034147
"510",2016-09-09,-0.0318371904580221,-0.0319287380158239
"511",2016-09-12,0.0140020280063211,0.0160555159154581
"512",2016-09-13,-0.0141984202599039,-0.0284331439157035
"513",2016-09-14,0.00159036487405739,0.000610916833751807
"514",2016-09-15,0.0066356619686585,0.0174431648445201
"515",2016-09-16,0.00169742099756309,-0.000451455445632187
"516",2016-09-19,0.00683800874882112,-0.000712536085503257
"517",2016-09-20,-0.000434700909008989,-0.00781889361404853
"518",2016-09-21,0.0177829904269364,0.0251561073140392
"519",2016-09-22,0.00750006034009343,0.00767434509192633
"520",2016-09-23,-0.00175185460827898,-0.00968186520496006
"521",2016-09-26,-0.003956321066094,-0.00901119342967294
"522",2016-09-27,-0.00613352645641896,0.00373864970615267
"523",2016-09-28,0.00117676993947513,0.0229684572424838
"524",2016-09-29,-0.0122009167388147,-0.000100314044921945
"525",2016-09-30,-0.00415031366591134,0.0144395192001328
"526",2016-10-03,-0.0138455738691627,-0.0012783481046752
"527",2016-10-04,-0.021951503851402,-0.00564276681555786
"528",2016-10-05,-0.00590678460119232,0.0161697501495883
"529",2016-10-06,0.00056716140414359,-0.00269203185369293
"530",2016-10-07,-0.000561687927383758,-0.0105150437855706
"531",2016-10-10,0.00440287347770707,0.00958812399082865
"532",2016-10-11,-0.00979206244643605,-0.0237335482704739
"533",2016-10-12,0.00937430175478227,0.00217981808838585
"534",2016-10-13,0.00678704511076278,-0.0143644940321974
"535",2016-10-14,-0.00397186565007634,0.00131405430722897
"536",2016-10-17,0.00389057345420252,-0.0101920168245206
"537",2016-10-18,0.00679290713843228,0.00549952496057693
"538",2016-10-19,-0.00237840700808245,0.0136112422930683
"539",2016-10-20,-0.00296967943158377,0.00487151300597732
"540",2016-10-21,-0.00605094043184551,-0.00640865892776066
"541",2016-10-24,0.00360900782793006,0.00864459012050611
"542",2016-10-25,0.00563825226896886,-0.00335388798383918
"543",2016-10-26,0.000232633064076726,-0.00208680579109188
"544",2016-10-27,-0.0157954053808088,0.00508894927116899
"545",2016-10-28,0.0102045615131279,-0.00156924089484156
"546",2016-10-31,0.0159538692909953,-0.00574224936815826
"547",2016-11-01,-0.0150955743181402,-0.0105989446644834
"548",2016-11-02,-0.007808318442453,-0.0134814517023744
"549",2016-11-03,-0.00508729327421831,0.000389957388410522
"550",2016-11-04,-0.0023700285374727,0.000781937119834986
"551",2016-11-07,0.0144869089273552,0.0350407509394628
"552",2016-11-08,0.00931617412742702,0.0045725770476237
"553",2016-11-09,-0.0149925902204134,0.0281009978241855
"554",2016-11-10,-0.0248736620319655,0.00619255204005054
"555",2016-11-11,-0.00217597662224422,0.0186989488422571
"556",2016-11-14,0.00347135758805872,0.00716500266841624
"557",2016-11-15,0.00872798107889805,0.0218745646477563
"558",2016-11-16,-0.00365847510000283,0.00368922721627185
"559",2016-11-17,-0.00362326574876359,0.014517958004808
"560",2016-11-18,-0.00298143301919174,0.00470652233522295
"561",2016-11-21,0.00350451529646967,0.0189081943407983
"562",2016-11-22,0.00723111047517477,-0.00200267916567809
"563",2016-11-23,-0.0124941494984045,0.0126545450065536
"564",2016-11-25,0.0128485221676871,-0.00103386512154946
"565",2016-11-28,0.012558189825471,-0.0134792104818153
"566",2016-11-29,0.00317355266874353,-0.0123719963535477
"567",2016-11-30,-0.0276103427820298,0.0318953761576639
"568",2016-12-01,-0.0125416772398402,-0.0105761040643474
"569",2016-12-02,0.0114151351014189,0.00420956824341601
"570",2016-12-05,0.00455182161180168,0.0111725849158535
"571",2016-12-06,0.00229977327107189,0.0210278296846103
"572",2016-12-07,0.0127283027690781,0.0231884905585922
"573",2016-12-08,0.000726038276088747,0.00412644896816872
"574",2016-12-09,0.00770327709194163,-0.00140513626189953
"575",2016-12-12,0.00845105442367444,-0.0105834399293285
"576",2016-12-13,0.00591346065148657,0.00651022838033333
"577",2016-12-14,-0.0202609197763752,-0.0134954232532235
"578",2016-12-15,0.0013840988354219,0.011693591933829
"579",2016-12-16,0.00987102312442367,-0.00960614649648073
"580",2016-12-19,0.00412423267093054,0.00208748995150709
"581",2016-12-20,-0.000934728398446438,0.010271932816704
"582",2016-12-21,-0.00472425060607096,0.000500207271726838
"583",2016-12-22,0.00245692321597324,0.002565511610231
"584",2016-12-23,0.00225844961727284,0.00264736496624618
"585",2016-12-27,0.0019037404136284,0.00880247535461431
"586",2016-12-28,-0.0086613269986775,-0.0208436495824934
"587",2016-12-29,0.0139618680215015,-0.00371445848847207
"588",2016-12-30,-0.00267509480241135,-0.00904788393125844
"589",2017-01-03,0.00111486920328874,0.0106136751423478
"590",2017-01-04,0.00772620881609476,0.0180178110901141
"591",2017-01-05,0.00476691126247353,-0.00769338757982718
"592",2017-01-06,0.000972691453015262,0.00390613964760522
"593",2017-01-09,-0.0117933053856516,-0.003864619388531
"594",2017-01-10,-0.00559926873425132,0.00942364112902516
"595",2017-01-11,0.00163098159807418,0.00407755610569782
"596",2017-01-12,0.00171676923294761,-0.0152612627539396
"597",2017-01-13,-0.000776118121361247,0.00255385884445714
"598",2017-01-17,0.0104289922435052,-0.0129558768310312
"599",2017-01-18,0.000462832506457511,0.00824957153021821
"600",2017-01-19,-0.00594079136154824,-0.00674856795846435
"601",2017-01-20,0.00424238266404542,0.00508097734959367
"602",2017-01-23,0.000813760420326659,-0.00537109274707748
"603",2017-01-24,0.00373617557526784,0.0250271258136194
"604",2017-01-25,0.00219641056079167,0.0114529186088375
"605",2017-01-26,0.000698311850942712,0.000965477161898098
"606",2017-01-27,-0.00249646057863784,0.00367763439239344
"607",2017-01-30,0.00090017291423572,-0.0076261141769387
"608",2017-01-31,0.012564613820697,0.000918290226489926
"609",2017-02-01,-0.0128073030605896,0.0128535633409945
"610",2017-02-02,0.0100331643708649,0.0044706854319021
"611",2017-02-03,0.00365123445580307,0.0113691814673271
"612",2017-02-06,-0.000922171534532668,-0.00217444726537253
"613",2017-02-07,0.00482160586935843,-0.00587053481823896
"614",2017-02-08,0.00681748360892187,-0.00457776099758334
"615",2017-02-09,-0.00133528632664937,0.00867231121077894
"616",2017-02-10,0.00413198596748354,0.00366161773501528
"617",2017-02-13,0.00357179467287727,0.00109986579049925
"618",2017-02-14,-0.00582309569537287,-0.000358510292825742
"619",2017-02-15,0.000234185112242713,0.000762824289332498
"620",2017-02-16,0.00621062696836927,-0.00793884831532554
"621",2017-02-17,0.00409061655780829,0.00219359583504564
"622",2017-02-21,0.00851870188547577,0.0113223416872388
"623",2017-02-22,0.0000379032838928595,-0.00843943444619466
"624",2017-02-23,0.00556071156067506,-0.0104396079574323
"625",2017-02-24,0.00619306157082145,-0.00291355012143146
"626",2017-02-27,-0.00626237392943818,0.0127216609145728
"627",2017-02-28,0.00484989312469986,-0.0074273417050108
"628",2017-03-01,-0.000338524378380889,0.0267402320992596
"629",2017-03-02,-0.000741351116458344,-0.0204185668062143
"630",2017-03-03,-0.00205394648586099,-0.00158425031182319
"631",2017-03-06,-0.00353350355919713,-0.00647101035235853
"632",2017-03-07,-0.00101334842221146,-0.00636966811429562
"633",2017-03-08,-0.0116485909237845,-0.0117758486116256
"634",2017-03-09,-0.00282304081143803,0.00348043020676791
"635",2017-03-10,0.0052379887052254,0.00391294465160708
"636",2017-03-13,0.00149912548924713,0.0126132243443375
"637",2017-03-14,-0.000485328649747152,-0.00615119421401966
"638",2017-03-15,0.0162383242020259,0.0162368687768926
"639",2017-03-16,-0.00977968902174553,-0.00155866899933155
"640",2017-03-17,0.00454236584797374,-0.00264259445946935
"641",2017-03-20,-0.00251688457682364,0.0022096812870247
"642",2017-03-21,0.00535176027883222,-0.0311436031664688
"643",2017-03-22,0.00273622770659987,0.008363482869294
"644",2017-03-23,-0.00154934963807529,-0.0000119236762105013
"645",2017-03-24,0.00059184332644846,0.00541817375973785
"646",2017-03-27,-0.0023835723800032,-0.000983410427453646
"647",2017-03-28,-0.000765001086420636,0.0150005850166692
"648",2017-03-29,-0.00340264358640674,0.0122253755465411
"649",2017-03-30,-0.00315395695750853,0.0076993955284832
"650",2017-03-31,0.00351807839069185,-0.00192163740573503
"651",2017-04-03,0.00241891426451946,-0.00725935941721079
"652",2017-04-04,0.00152514650272395,-0.00418518229034015
"653",2017-04-05,0.00464646893352105,-0.00812897318182226
"654",2017-04-06,-0.000905780407624901,0.0117187023404481
"655",2017-04-07,-0.00105971417331174,-0.0000793255782696178
"656",2017-04-10,0.00332425499317424,0.000410801109203218
"657",2017-04-11,0.000532061779711102,0.00130973515991473
"658",2017-04-12,0.00289313896569854,-0.0137362429059578
"659",2017-04-13,-0.00413474750666043,-0.0144273950620001
"660",2017-04-17,0.00940009599706926,0.0124769258777766
"661",2017-04-18,0.00266655995525822,-0.0073541965958358
"662",2017-04-19,-0.00518702767565205,-0.00286191614726017
"663",2017-04-20,-0.00126014414590403,0.0105527988205134
"664",2017-04-21,0.00291087233486009,-0.00572432706806825
"665",2017-04-24,0.000845705925746731,0.0119476802337057
"666",2017-04-25,-0.00129589739208325,0.0146308067078365
"667",2017-04-26,-0.00231718453487917,0.00132413293906275
"668",2017-04-27,-0.00220511289433101,-0.00305263773947473
"669",2017-04-28,-0.00404251022130453,-0.00117838082788546
"670",2017-05-01,-0.00646033016102188,0.00515955040332061
"671",2017-05-02,-0.0000565434271290188,-0.0177636393349772
"672",2017-05-03,-0.00538837432587946,0.00419372006943064
"673",2017-05-04,0.00243191830045908,-0.00477546281383245
"674",2017-05-05,0.00535991504216571,0.00715953792683366
"675",2017-05-08,-0.0034533710176432,0.00191626204326467
"676",2017-05-09,-0.00374609091035238,0.00446861799841902
"677",2017-05-10,0.00271479695220522,0.0189896052891736
"678",2017-05-11,0.0000643950029806106,-0.000665098722972934
"679",2017-05-12,0.00255787047153477,-0.00101716222294834
"680",2017-05-15,0.00409051387678772,0.0115301223020492
"681",2017-05-16,-0.0103063193012797,0.00650169628197039
"682",2017-05-17,0.00684697350799324,-0.0440414033326529
"683",2017-05-18,0.00216981142567607,0.00347817722904709
"684",2017-05-19,0.0063153243278673,0.0217820442206784
"685",2017-05-22,0.00646140409321405,0.00480358230717526
"686",2017-05-23,0.00305708968954788,-0.000823591790354072
"687",2017-05-24,0.00752048205374956,0.000861333129484887
"688",2017-05-25,0.00349697197168952,-0.0076675925384192
"689",2017-05-26,0.000186348245630574,0.00394061900670373
"690",2017-05-30,9.81279625933418e-06,-0.00139832254082051
"691",2017-05-31,0.00377185026626736,-0.00457728739551944
"692",2017-06-01,0.00441972013024472,0.0111800303120067
"693",2017-06-02,0.00340125936390701,-0.00518135297236788
"694",2017-06-05,-0.00581509652968304,-0.00186222032288674
"695",2017-06-06,-0.000573123107774354,0.0086091522742473
"696",2017-06-07,0.00894382617845424,-0.00575129938958785
"697",2017-06-08,-0.00721343375071382,0.00867530767157754
"698",2017-06-09,0.00102429455414721,-0.00480057827684699
"699",2017-06-12,0.00140252415901365,0.00138837415203552
"700",2017-06-13,0.00294813913465619,0.0117493685216852
"701",2017-06-14,0.00440044645848214,-0.0166235010800516
"702",2017-06-15,0.00439491922032631,-0.0106822437830897
"703",2017-06-16,-0.00269047217669061,-0.000304140408858289
"704",2017-06-19,-0.00101533045689928,0.0165186248536138
"705",2017-06-20,-0.000906159054476552,-0.0139979954632017
"706",2017-06-21,-0.00477384606179909,0.00140376132575515
"707",2017-06-22,-0.00378232515798405,0.00285778327465724
"708",2017-06-23,0.000685374776846048,0.00567611203457563
"709",2017-06-26,0.0036035797992171,0.00278920737158561
"710",2017-06-27,-0.0128616299270889,-0.0134820005092517
"711",2017-06-28,-0.00244131083467436,0.0136098730672409
"712",2017-06-29,-0.0109915357137711,-0.00474367102538764
"713",2017-06-30,0.000432625840435685,-0.000439431092635778
"714",2017-07-03,-0.000603202342304932,0.00185531029557362
"715",2017-07-05,-0.00281850120055016,0.00490731636506081
"716",2017-07-06,-0.00844736803516433,-0.0119055170471758
"717",2017-07-07,0.00242062293367762,0.00883512318662816
"718",2017-07-10,-0.0049709416432947,0.0165247851082171
"719",2017-07-11,0.0000413333659270432,0.0067827639530269
"720",2017-07-12,0.00661230940897162,0.00845376658159691
"721",2017-07-13,-0.00240832681691505,-0.000480810211886173
"722",2017-07-14,0.00533673487158071,0.00917895797525059
"723",2017-07-17,0.00467950650987192,-0.00133171546211042
"724",2017-07-18,0.00191693484293975,-0.00226859466302065
"725",2017-07-19,0.000750191158701341,0.0147113601903597
"726",2017-07-20,0.00377808067398266,-0.000220600597627185
"727",2017-07-21,0.00755931406739752,-0.00596257304373193
"728",2017-07-24,-0.00637235564605687,0.00400150475584704
"729",2017-07-25,0.00470852497355723,0.0146099455057693
"730",2017-07-26,0.00803438014994051,-0.00185559981828609
"731",2017-07-27,-0.00292437038415982,-0.00693618994814982
"732",2017-07-28,-0.0000562387304664513,0.000583588921664546
"733",2017-07-31,0.00280595462615141,-0.00662861153907435
"734",2017-08-01,0.00195436889452583,0.00204204084994641
"735",2017-08-02,0.00225896924266245,-0.0050624780826457
"736",2017-08-03,-0.00161162110962898,-0.00511018365961158
"737",2017-08-04,-0.0039551123855821,0.00922041664826367
"738",2017-08-07,0.00322170938906563,0.000840628386809206
"739",2017-08-08,-0.00258774351409241,-0.0025824381820605
"740",2017-08-09,0.00127277980725249,-0.00231453580444607
"741",2017-08-10,0.000211427706477529,-0.0268819946566742
"742",2017-08-11,-0.00397313184570935,-0.000345344704321016
"743",2017-08-14,0.00612733726052705,0.0132841677771875
"744",2017-08-15,0.000780799621118655,0.00627115906489251
"745",2017-08-16,0.00291557288518418,-0.00101529123979482
"746",2017-08-17,-0.00508813050854795,-0.0270390676799765
"747",2017-08-18,-0.000724721168954057,0.00234212843907611
"748",2017-08-21,0.0068612187646846,-0.00527459278279729
"749",2017-08-22,0.00288659635655475,0.0162379705810947
"750",2017-08-23,0.0040055683404554,0.00309783457943369
"751",2017-08-24,-0.00773442395166168,0.000286886260322028
"752",2017-08-25,0.0014295799892543,0.0013213732176347
"753",2017-08-28,0.00220222990959096,0.0000172820648056682
"754",2017-08-29,-0.000536467180025757,-0.00128371156850315
"755",2017-08-30,-0.00106169748498708,0.00673891545375649
"756",2017-08-31,0.00201906291542286,0.0114000921606603
"757",2017-09-01,0.000150227132184044,0.0125887373174876
"758",2017-09-05,0.00317926140914371,-0.010999340666912
"759",2017-09-06,-0.00324873409240578,0.00707176883001082
"760",2017-09-07,0.009374173713115,-0.000954892840053678
"761",2017-09-08,0.00673695100440463,-0.0110363453906368
"762",2017-09-11,0.00152625280187757,0.0163657412066891
"763",2017-09-12,-0.0111332778111369,0.00844564400930592
"764",2017-09-13,-0.00376140799448921,0.00435124382699725
"765",2017-09-14,0.00695595260740078,-0.0000567421480085484
"766",2017-09-15,0.00296966493265094,0.00823089761890827
"767",2017-09-18,-0.00345997315288038,0.011886885816206
"768",2017-09-19,-0.00244897394556809,0.00348124663552851
"769",2017-09-20,-0.00631651461018656,0.00706269191393827
"770",2017-09-21,-0.00509132025562198,-0.00209586878237011
"771",2017-09-22,-0.00441473094061251,0.00673447952607642
"772",2017-09-25,0.00570933012504882,-0.00571397708010446
"773",2017-09-26,-0.00254752764341581,0.00452381194284213
"774",2017-09-27,-0.00983205993609249,0.0136891476411511
"775",2017-09-28,0.00806047773510943,-0.00222746287343079
"776",2017-09-29,0.00188100714166795,0.0076007327446479
"777",2017-10-02,0.000710480086213883,0.0015101994719795
"778",2017-10-03,-0.00417225367392104,0.00451822140797864
"779",2017-10-04,0.00702524789166481,-0.000206544963453181
"780",2017-10-05,0.000199250471496049,0.00545580431470638
"781",2017-10-06,-0.00106703699168975,-0.00438583813414406
"782",2017-10-09,-0.0000137962654106483,0.0051967122759462
"783",2017-10-10,0.00536321876083234,-0.0000628411891262504
"784",2017-10-11,0.00540392923313782,0.00296265135660745
"785",2017-10-12,0.00728631605181196,-0.00078052997068534
"786",2017-10-13,-0.0000320251012237982,0.0051703455269092
"787",2017-10-16,-0.00175366810079125,0.0108687006963044
"788",2017-10-17,0.00233328481124473,-0.0056748172869685
"789",2017-10-18,-0.00210112285275321,7.02262909646478e-06
"790",2017-10-19,0.00314393261700885,-0.0021346123253918
"791",2017-10-20,0.000379788786506463,0.00425212888705473
"792",2017-10-23,-0.00036978324107606,-0.00179723505917395
"793",2017-10-24,-0.00353813504247735,0.00605692316091977
"794",2017-10-25,-0.00624925308090074,-0.0205413896959786
"795",2017-10-26,-0.00669150700250265,0.00878556836220756
"796",2017-10-27,0.00415468650641748,0.0188520062377806
"797",2017-10-30,-0.00104027056332168,-0.00558492875884198
"798",2017-10-31,0.00544536811439689,0.012722828307113
"799",2017-11-01,-0.00140586497559181,0.00675485723549141
"800",2017-11-02,0.00786211653054791,0.00152498473172935
"801",2017-11-03,-0.0011491175625612,0.00492134740693517
"802",2017-11-06,-0.00513516173810391,0.0205391139671858
"803",2017-11-07,0.00904611082986784,-0.0019075706356666
"804",2017-11-08,0.00575939881557108,-0.00209202883599857
"805",2017-11-09,-0.0027013679942498,-0.00814659979825616
"806",2017-11-10,-0.00115673951214801,0.00286693304357888
"807",2017-11-13,0.00935227648658121,-0.000133661361379711
"808",2017-11-14,0.0117920567435101,-0.00599336760596492
"809",2017-11-15,-0.0093177900607605,-0.00846063834988553
"810",2017-11-16,0.00395844004261137,0.00944511063406472
"811",2017-11-17,-0.00353284384953434,0.00632696289199308
"812",2017-11-20,0.00124196312588642,0.00303352947152802
"813",2017-11-21,0.00450937077405045,0.00751416073498379
"814",2017-11-22,-0.00147685348069171,-0.000870940013188659
"815",2017-11-24,0.00187204958357201,0.0037975880600063
"816",2017-11-27,0.00408236211650692,-0.0115802636245887
"817",2017-11-28,0.00330969778479484,0.00629038520493674
"818",2017-11-29,0.00395512519155239,-0.0209972449534642
"819",2017-11-30,0.00623153262909071,0.00776696985217873
"820",2017-12-01,-0.00125131985685323,-0.00106997761094529
"821",2017-12-04,0.000763187816781752,-0.0218872004907988
"822",2017-12-05,-0.0123069233861002,-0.00150002205040922
"823",2017-12-06,0.00103676483789061,-0.00735081514622504
"824",2017-12-07,0.00129389120837753,0.0144812706583826
"825",2017-12-08,0.0034527077618276,0.00699447328239122
"826",2017-12-11,0.00262075551235741,0.00115191105722379
"827",2017-12-12,-0.00936816358412684,-0.00298680935979712
"828",2017-12-13,0.00445000892876357,-0.00225101814571771
"829",2017-12-14,-0.00279249233227374,-0.00616656639550839
"830",2017-12-15,0.00487599001466799,0.0115347800053327
"831",2017-12-18,-0.00105633893810531,0.015766735247821
"832",2017-12-19,-0.0116144161861221,0.00200846525253451
"833",2017-12-20,-0.00521109936276776,0.00849404344350568
"834",2017-12-21,-0.00666925404377539,0.00443116516350472
"835",2017-12-22,0.00404339584391677,-0.00225498246632239
"836",2017-12-26,-0.00239693553704234,0.00248140043174994
"837",2017-12-27,0.00351476628534009,-0.000408381390073487
"838",2017-12-28,0.00347751234079285,0.0037736533586461
"839",2017-12-29,-0.00193724203569445,-0.0121020627458425
"840",2018-01-02,-0.00956609941444098,0.0219066255572749
"841",2018-01-03,-0.00498175743419504,0.0179611561384463
"842",2018-01-04,-0.00274633130049595,0.0169538343277744
"843",2018-01-05,0.000642468065824131,0.00608006634040348
"844",2018-01-08,0.00782979796202543,0.00742654583781133
"845",2018-01-09,-0.00914563466169049,-0.00460634343654109
"846",2018-01-10,-0.0126867463218325,-0.000249331884560666
"847",2018-01-11,-0.00768620776338413,0.0171496815929277
"848",2018-01-12,-0.00632341160587746,0.00895087517375548
"849",2018-01-16,0.00120060651183684,-0.0096599192990654
"850",2018-01-17,0.00603360954028664,0.0149812380136032
"851",2018-01-18,-0.00590475513927957,-0.00105666504647972
"852",2018-01-19,0.000930255693517124,0.00338620773907294
"853",2018-01-22,0.00112471845529405,0.013778066195737
"854",2018-01-23,0.00712476629659764,0.00391371989241729
"855",2018-01-24,-0.00353502387268878,-0.00145963622644929
"856",2018-01-25,0.00863929342289627,-0.00628019782620859
"857",2018-01-26,-0.000902712960849539,0.00751713778675267
"858",2018-01-29,-0.0122854572054619,-0.0150395858215686
"859",2018-01-30,0.00202120736581191,-0.0175860993147493
"860",2018-01-31,0.00803965064316836,0.00376995068386243
"861",2018-02-01,-0.0164424651611749,0.000406251862576923
"862",2018-02-02,-0.0117162656233857,-0.0342040224102894
"863",2018-02-05,-0.0181109518050614,-0.0448397394638147
"864",2018-02-06,-0.0102734996659072,0.0240579114461439
"865",2018-02-07,-0.00690448640435892,-0.0114407296944231
"866",2018-02-08,-0.0148794506229564,-0.0487212958520554
"867",2018-02-09,0.018753267748792,0.0132562640084657
"868",2018-02-12,0.00659836324267182,0.0177670728667918
"869",2018-02-13,0.00566690009344417,-0.0012180860641352
"870",2018-02-14,-0.00187531809980357,0.0291406384051554
"871",2018-02-15,0.0174976211499129,0.00300711509875762
"872",2018-02-16,0.0025848807669473,-0.00993368304493103
"873",2018-02-20,-0.0138803389387802,0.0075628144671509
"874",2018-02-21,-0.00834866105291987,-0.0114444706370799
"875",2018-02-22,0.00397943847578142,-0.00299479902874233
"876",2018-02-23,0.0177915310596668,0.0211023104456132
"877",2018-02-26,0.00446607155684009,0.00814137896805867
"878",2018-02-27,-0.0146085963988245,-0.0124158295199639
"879",2018-02-28,-0.00360694868087708,-0.0141891097757151
"880",2018-03-01,0.00226937178500042,-0.0164798472054549
"881",2018-03-02,0.00085910436826464,0.0100521100984396
"882",2018-03-05,0.0153422622154546,0.01398152243995
"883",2018-03-06,-0.00348212583258867,0.0104069377676013
"884",2018-03-07,-0.00556460109081525,0.00506150213490852
"885",2018-03-08,0.00693073089504037,0.00971138602025268
"886",2018-03-09,0.00620212906019613,0.0215187121065792
"887",2018-03-12,0.00412956725514602,0.00510985388421759
"888",2018-03-13,0.000375981169776773,-0.00655469920075302
"889",2018-03-14,0.00165415053683238,-0.00404218028956171
"890",2018-03-15,-0.00137768548654382,-0.00411942384049402
"891",2018-03-16,0.00722988055643614,0.00779880504341923
"892",2018-03-19,-0.0051175826473282,-0.0147989003221025
"893",2018-03-20,-0.00165149737460712,0.0115468041675002
"894",2018-03-21,-0.00567841798294544,0.0126270097186381
"895",2018-03-22,-0.0052909714775029,-0.0342561388953975
"896",2018-03-23,-0.0103418172179004,-0.0309462899045762
"897",2018-03-26,0.013275745769711,0.0270405137783574
"898",2018-03-27,0.00773261871320874,-0.0286533119477898
"899",2018-03-28,0.00429950170924753,-0.0172942206786293
"900",2018-03-29,0.00743843358006613,0.0251321128264412
"901",2018-04-02,-0.0125489479791085,-0.0319906318536169
"902",2018-04-03,0.0045032429075833,0.0158677291970697
"903",2018-04-04,0.00938570808356975,0.00993387352711506
"904",2018-04-05,0.000538384554611637,0.0110075830183973
"905",2018-04-06,-0.00654824344683813,-0.0286314877759378
"906",2018-04-09,0.00101111969460277,0.00350006282605886
"907",2018-04-10,-0.00526128710876062,0.0342982364793594
"908",2018-04-11,0.000273377437800759,-0.00439033274434886
"909",2018-04-12,-0.0122612982310812,0.0123310396368286
"910",2018-04-13,0.00594134245134437,-0.00207714016810712
"911",2018-04-16,0.0123343784017507,0.00793223792874209
"912",2018-04-17,0.00869360329808289,0.0106681105329285
"913",2018-04-18,-0.00519544277706085,0.0130638269311829
"914",2018-04-19,-0.00572652829492948,-0.0177211224645789
"915",2018-04-20,-0.010274939498812,-0.0063801181442974
"916",2018-04-23,-0.0000401878074839379,-0.00371167951397355
"917",2018-04-24,0.0041032197162032,-0.0247930159746457
"918",2018-04-25,0.00235534718113417,-0.00297363704177256
"919",2018-04-26,0.0109026640383312,0.019139691538929
"920",2018-04-27,0.00821275716782655,-0.00605177587456607
"921",2018-04-30,-0.00697477259728541,-0.00927697779348247
"922",2018-05-01,0.000555469113736384,0.0079482064733456
"923",2018-05-02,-0.00756968447487838,-0.00362603085087199
"924",2018-05-03,0.00191706291037352,0.00208525103733281
"925",2018-05-04,0.00399815799233472,0.0180487308484651
"926",2018-05-07,-0.00118783935145661,0.00901166336184445
"927",2018-05-08,-0.0121864876890981,0.00812523921847075
"928",2018-05-09,0.000741893697899565,0.0203416693950715
"929",2018-05-10,0.00970028967582404,0.0152668858644018
"930",2018-05-11,0.000813976495988245,-0.00222595471015552
"931",2018-05-14,-0.00415981066642057,0.0041752490839444
"932",2018-05-15,-0.0100092628009766,-0.000378809183175233
"933",2018-05-16,-0.00138126758252377,0.0137709524192713
"934",2018-05-17,-0.00623492400787695,0.00505528293499213
"935",2018-05-18,-0.0043955072562063,-0.00395890467992821
"936",2018-05-21,0.00444900418066663,0.0103554881689505
"937",2018-05-22,-0.0011919061858553,-0.00141133694804574
"938",2018-05-23,0.00970408888715402,0.00441963850884086
"939",2018-05-24,0.00491932096392733,-0.00077362416823179
"940",2018-05-25,0.00406485333689521,-0.0157387772206646
"941",2018-05-29,0.0020771574227294,-0.0144292868823205
"942",2018-05-30,0.00685068003223832,0.0182013286910359
"943",2018-05-31,-0.00817436305749086,-0.0125493207857749
"944",2018-06-01,-0.00814712656357863,0.0136637933593031
"945",2018-06-04,-0.00169871929827226,0.00384440456637924
"946",2018-06-05,-0.00850409652470752,0.00102450599569548
"947",2018-06-06,-0.00967468711284425,0.0132090522568167
"948",2018-06-07,0.00600026672233844,-0.00672163595652642
"949",2018-06-08,0.00373455441703197,0.00707375445694725
"950",2018-06-11,-0.00315560367653489,0.00821672867822532
"951",2018-06-12,0.00814439478370632,-0.00583280476677916
"952",2018-06-13,-0.00619202074848157,0.000548459581769523
"953",2018-06-14,0.0101273265672106,-0.00250409162600052
"954",2018-06-15,0.00425318146609621,-0.0149215771970935
"955",2018-06-18,0.0000967474443167582,0.0108655321411859
"956",2018-06-19,0.00965126567291708,-0.00899684842890525
"957",2018-06-20,-0.000644347533772627,0.00549899740361615
"958",2018-06-21,0.00107386196246928,-0.0194582390311193
"959",2018-06-22,0.00683210891275521,0.00225090662468075
"960",2018-06-25,0.0114247566757593,-0.0334895392388375
"961",2018-06-26,0.00221801994440018,0.00805653658174821
"962",2018-06-27,0.0010984464511361,-0.00949649138206432
"963",2018-06-28,0.00627535574153759,0.00240690651117648
"964",2018-06-29,-0.000523140130877064,0.00426116681111521
"965",2018-07-02,0.00258971106085193,-0.00229815838762881
"966",2018-07-03,0.00332666919733837,-0.00579075140093988
"967",2018-07-05,0.0116981686697335,0.0117519804227144
"968",2018-07-06,0.00489621725352252,0.0144310022294614
"969",2018-07-09,-0.02041291931166,0.0218857522621125
"970",2018-07-10,0.00628671724407348,0.00540228505146056
"971",2018-07-11,0.00521350832598477,-0.024474501158572
"972",2018-07-12,0.00133196017139814,0.00992547734581617
"973",2018-07-13,-0.000531800807211713,0.00143391278337357
"974",2018-07-16,-0.00399173520233909,-0.00756654149651093
"975",2018-07-17,-0.0016323180236496,0.00849506366923514
"976",2018-07-18,-0.00364416703641124,0.00554365805491175
"977",2018-07-19,0.00671319226696787,-0.0114013339466075
"978",2018-07-20,-0.0038778022870547,-0.00696229061036191
"979",2018-07-23,-0.00588784888606575,0.00293463189919985
"980",2018-07-24,0.00156888126235644,-0.00356155991172902
"981",2018-07-25,0.00191576893280021,0.00838563099142653
"982",2018-07-26,0.011866119861379,0.00808643553678912
"983",2018-07-27,-0.00835652420660649,-0.00908076319274842
"984",2018-07-30,-0.00912115271661107,-0.00882666593231685
"985",2018-07-31,0.00974635892303222,-0.0075916326285006
"986",2018-08-01,-0.00880772256673223,-0.0155516079403949
"987",2018-08-02,0.00272231837366399,0.00482024785123625
"988",2018-08-03,0.009291734472749,0.00214860442293885
"989",2018-08-06,0.00160248379552597,0.00932962516199365
"990",2018-08-07,-0.00256927127171525,0.00358378276520011
"991",2018-08-08,-0.00475950029195782,-0.00576725398447442
"992",2018-08-09,0.000249630828012215,-0.0138130802782194
"993",2018-08-10,-0.00226276876736675,-0.00909596495083842
"994",2018-08-13,0.000288831027368097,-0.00593053131372667
"995",2018-08-14,0.00158562685427044,0.00948636809572778
"996",2018-08-15,0.00736106820012594,-0.0308059079343134
"997",2018-08-16,0.00743319201385018,0.00785123081318106
"998",2018-08-17,0.00735146705508205,0.0027952777308482
"999",2018-08-20,0.000292013670438962,0.00911785236650009
"1000",2018-08-21,-0.00808581059440538,0.0125165013855089
"1001",2018-08-22,-0.0082774228100766,0.0056697103033545
"1002",2018-08-23,-0.00187096746232884,-0.00345418201364278
"1003",2018-08-24,0.00564994664621787,0.0192010856429794
"1004",2018-08-27,-0.00553632973459495,0.0177654783277832
"1005",2018-08-28,-0.00185967981150692,-0.0020200707737017
"1006",2018-08-29,0.00368160489090652,0.00365892944789059
"1007",2018-08-30,-0.00154368735828159,-0.00513832114125645
"1008",2018-08-31,0.000207568990083562,-0.00157660283377059
"1009",2018-09-04,0.00712776569367324,-0.0057457994957868
"1010",2018-09-05,0.00934779637172589,-0.00843833981699171
"1011",2018-09-06,0.00368939108899102,-0.0253362305055074
"1012",2018-09-07,-0.00805806072187254,-0.00398920920937351
"1013",2018-09-10,0.00268662025145017,0.0121337404660429
"1014",2018-09-11,-0.00225253876940934,0.00143583347964915
"1015",2018-09-12,0.0022752175211822,0.00627347257644173
"1016",2018-09-13,0.00488036204207098,0.00135425205588469
"1017",2018-09-14,-0.00382485600855775,0.0136437474352631
"1018",2018-09-17,0.000593341127178348,-0.0108816641683639
"1019",2018-09-18,-0.00262799038192474,0.0099563214772207
"1020",2018-09-19,-0.0132655303659827,0.00934481780137442
"1021",2018-09-20,0.0041665000733655,0.00897005675284146
"1022",2018-09-21,0.00179845893123765,0.00273428524215902
"1023",2018-09-24,-0.00926714277217766,-0.000611310532721232
"1024",2018-09-25,-0.00882701558527343,-0.0014173695074029
"1025",2018-09-26,-0.0103408767387683,-0.0131194809793463
"1026",2018-09-27,0.00237555531888378,0.00210371729717207
"1027",2018-09-28,0.0108359041654078,-0.00162735404827241
"1028",2018-10-01,-0.00361540938489235,0.00502798538738314
"1029",2018-10-02,0.00993839758338422,-0.00899807369808325
"1030",2018-10-03,-0.00798042401758303,0.0102527556049512
"1031",2018-10-04,0.00509256465085173,-0.0171540539816485
"1032",2018-10-05,0.0118493327965523,-0.0224583230949112
"1033",2018-10-08,0.00900231224062109,-0.0110132298344069
"1034",2018-10-09,0.00342073218235694,-0.00441525573121038
"1035",2018-10-10,-0.00886412376813206,-0.0480672394811499
"1036",2018-10-11,-0.0146816387049487,-0.0199143267272438
"1037",2018-10-12,0.000939123458344904,0.0138612220874403
"1038",2018-10-15,0.00712583016642587,-0.00883832713594468
"1039",2018-10-16,0.0146286121114652,0.0238496071395107
"1040",2018-10-17,-0.00028055515238623,-0.00909354578950794
"1041",2018-10-18,0.00140185506861012,-0.027760189204786
"1042",2018-10-19,0.0152516317418334,-0.0178022350864893
"1043",2018-10-22,-0.00568557439880824,-0.00487686075417426
"1044",2018-10-23,0.000876188379864917,-0.0149020146256129
"1045",2018-10-24,0.0176624550392936,-0.0682811733838418
"1046",2018-10-25,-0.0147178737715721,0.00690968159239458
"1047",2018-10-26,-0.0123157259652651,-0.0356519848542715
"1048",2018-10-29,0.0192191324611521,-0.0262492895893301
"1049",2018-10-30,0.0101599481900136,0.0268499893883407
"1050",2018-10-31,-0.0108014494901844,0.0197771075643218
"1051",2018-11-01,0.00282757941969902,0.0345455485083455
"1052",2018-11-02,-0.00559469679000701,-0.00218036825363421
"1053",2018-11-05,0.0102898440679633,0.000969537149403399
"1054",2018-11-06,0.00749067136141823,0.00454483544704165
"1055",2018-11-07,0.00619078401332729,0.0153898483548103
"1056",2018-11-08,-0.00141353345645734,-0.0230828119781925
"1057",2018-11-09,0.00117079447216972,-0.0169894975627201
"1058",2018-11-12,-0.00284980611948971,-0.0376252514518653
"1059",2018-11-13,0.00381720193343704,0.00528490519858948
"1060",2018-11-14,-0.00086683958856093,0.00468007965069073
"1061",2018-11-15,-0.00383048214175263,0.0207197580974487
"1062",2018-11-16,0.0129895111061169,-0.0148232163252601
"1063",2018-11-19,0.0016006533388373,-0.0356072689328399
"1064",2018-11-20,-0.00275686545127496,-0.0265103020599369
"1065",2018-11-21,-0.00952841276548666,0.0220989159062417
"1066",2018-11-23,-0.00104760461750586,-0.0118823413891603
"1067",2018-11-26,0.0013385679641551,0.0272872774616812
"1068",2018-11-27,0.00706813061458456,-0.00153220810295596
"1069",2018-11-28,-0.000596425257505362,0.0263716679337032
"1070",2018-11-29,0.00212921072294803,-0.0122869940038459
"1071",2018-11-30,0.0113137569004778,0.00860083978565029
"1072",2018-12-03,0.00745969370560617,0.0358206421615226
"1073",2018-12-04,0.000905076294013707,-0.0640885284661789
"1074",2018-12-06,0.00396156795471425,-0.0168684465669837
"1075",2018-12-07,0.00187457349815756,-0.0405381644610546
"1076",2018-12-10,0.00236289774788534,-0.0112169065391413
"1077",2018-12-11,0.0038729569211422,-0.00202490427437196
"1078",2018-12-12,-0.00322223198730376,0.0147129893881273
"1079",2018-12-13,0.0071371230934052,-0.0117886402752113
"1080",2018-12-14,-0.0079752158719324,-0.0208266535118571
"1081",2018-12-17,-0.0291121525150525,-0.0175584155411831
"1082",2018-12-18,-0.00219060546483874,-0.00597187511027997
"1083",2018-12-19,-0.00619239334650046,-0.0341937566504564
"1084",2018-12-20,0.00144564352992238,-0.0151360974979643
"1085",2018-12-21,-0.00837112731988598,-0.028691508701877
"1086",2018-12-24,-0.0401649217767918,-0.031322414646285
"1087",2018-12-26,0.0210285854048629,0.0640008161427441
"1088",2018-12-27,0.00915454459964837,0.00680593108264183
"1089",2018-12-28,-0.00079084831806564,-0.00861525984407585
"1090",2018-12-31,0.00373355661542529,0.00557719459018546
"1091",2019-01-02,-0.0204093294219798,0.0201367402365191
"1092",2019-01-03,0.00371672309798976,-0.0328635067686336
"1093",2019-01-04,0.00853214626753496,0.0532879166337987
"1094",2019-01-07,-0.00356118639082004,0.0265343415870938
"1095",2019-01-08,0.00885850440133162,0.0118872381539787
"1096",2019-01-09,-0.00538927802473343,0.0250290534505075
"1097",2019-01-10,0.0127851763524378,0.00786393765757643
"1098",2019-01-11,-0.00239944651995472,0.00176864243314467
"1099",2019-01-14,-0.0125046907106778,-0.00874462490132399
"1100",2019-01-15,0.010221791152405,0.00171260269942097
"1101",2019-01-16,0.00220207343401579,0.00664538272254256
"1102",2019-01-17,0.00482503350603691,0.0117738319647438
"1103",2019-01-18,0.00335189883780118,0.0276071809935126
"1104",2019-01-22,-0.00186934343165313,-0.0268225999162351
"1105",2019-01-23,0.00536235660397999,-0.00619104335778509
"1106",2019-01-24,-0.00729443408545594,0.0168194944281623
"1107",2019-01-25,-0.00492546998502241,0.0323118658757053
"1108",2019-01-28,0.00114203228293075,-0.0231496750131687
"1109",2019-01-29,0.00284476817226564,-0.00801618364333301
"1110",2019-01-30,0.00266370014168205,0.0304120304400304
"1111",2019-01-31,0.0165422748112287,0.0136453453140351
"1112",2019-02-01,-0.00565037001407198,0.010731484915818
"1113",2019-02-04,0.00362213930662203,0.00620896751564937
"1114",2019-02-05,-0.000479350850323801,-0.00469745038506042
"1115",2019-02-06,-0.00003553233859932,0.00744019564597198
"1116",2019-02-07,0.0107053506844412,-0.0287334247139439
"1117",2019-02-08,0.0064429516503044,0.000176885278804217
"1118",2019-02-11,0.00205833986381743,0.00367447121978959
"1119",2019-02-12,0.00177902181248579,0.0230949961827833
"1120",2019-02-13,-0.000624022209454678,0.0148327927962353
"1121",2019-02-14,-0.00404484919368209,0.00353828347444307
"1122",2019-02-15,0.00439602168373243,0.0166701897688828
"1123",2019-02-19,0.00708073339374349,0.00612429751868637
"1124",2019-02-20,0.00270848891534081,0.0100616672235005
"1125",2019-02-21,0.00282422765257118,-0.0118600873344852
"1126",2019-02-22,0.0110262242000301,0.0134540184822349
"1127",2019-02-25,-0.00771419399814377,0.00551170479655294
"1128",2019-02-26,-0.00320164312653592,-0.00528792711810866
"1129",2019-02-27,0.0027308696800763,-0.0045233162905175
"1130",2019-02-28,0.00713050229725165,-0.00683352385797176
"1131",2019-03-01,0.000973876665238738,0.011348552767279
"1132",2019-03-04,0.00172760000208916,-0.00688730866536924
"1133",2019-03-05,-0.000173888777867726,-0.0103072278313242
"1134",2019-03-06,-0.00372874348176822,-0.0256327042491986
"1135",2019-03-07,-0.0000505704241753335,-0.0134738041173816
"1136",2019-03-08,0.00304098528237517,-0.00926953670245312
"1137",2019-03-11,0.0092021561853699,0.0220735754469543
"1138",2019-03-12,0.00622819762980753,0.00958133083366608
"1139",2019-03-13,0.00263558650987372,0.00593849407700064
"1140",2019-03-14,-0.00206631322852058,-0.0113491086056033
"1141",2019-03-15,0.00376215721656981,0.0107912516083957
"1142",2019-03-18,-0.00329610257287105,0.00706341691925072
"1143",2019-03-19,-0.00753942407124797,0.00609544110351901
"1144",2019-03-20,0.00255613503945162,-0.00491832281094773
"1145",2019-03-21,0.0139063210292132,0.0285624327012488
"1146",2019-03-22,0.004414434423059,-0.0477784806354536
"1147",2019-03-25,0.00411578400939372,-0.000051167558902887
"1148",2019-03-26,0.00668270097729873,0.0122994988608447
"1149",2019-03-27,-0.00444944292459393,-0.011298551969155
"1150",2019-03-28,-0.00250008280467395,0.00860492009277647
"1151",2019-03-29,0.00257405931208599,0.0120889621198041
"1152",2019-04-01,-0.00443016105641392,0.0319743200944462
"1153",2019-04-02,0.00113312145135835,0.00379332891560269
"1154",2019-04-03,-0.00257710706481895,0.013408356303986
"1155",2019-04-04,-0.000859048812046903,0.00573323460260156
"1156",2019-04-05,0.00742402919289509,0.0127617600635141
"1157",2019-04-08,-0.00283823469633182,0.002759904976251
"1158",2019-04-09,0.000788403111708913,-0.0223430425525701
"1159",2019-04-10,-0.0000913757610141452,0.014540394239231
"1160",2019-04-11,0.00154488190612079,0.00201338741810786
"1161",2019-04-12,0.00616712327691338,0.0198618046523515
"1162",2019-04-15,-0.000191451510405005,-0.00988417199068148
"1163",2019-04-16,-0.0107991936851751,0.0144162766814135
"1164",2019-04-17,-0.00258086082573039,-0.00391893259720089
"1165",2019-04-18,0.000408692109463926,0.00475304557063883
"1166",2019-04-22,-0.00407380054058526,0.00839940997827848
"1167",2019-04-23,0.00197638837198544,0.00423540841704173
"1168",2019-04-24,0.00570605258038559,-0.00264801786295277
"1169",2019-04-25,0.00403751997182522,-0.0217460148200866
"1170",2019-04-26,0.00490033437322257,0.00130487083616293
"1171",2019-04-29,-0.00604792996902892,-0.000020536172658514
"1172",2019-04-30,0.0132734855348666,-0.00131654608123044
"1173",2019-05-01,-0.010214560410127,-0.0151632078257434
"1174",2019-05-02,0.000654016516275835,-0.00885107313383815
"1175",2019-05-03,0.00532700106389283,0.0122490376871933
"1176",2019-05-06,-0.000126780577342056,-0.0140237081581827
"1177",2019-05-07,-0.00719245134466073,-0.0234789825539778
"1178",2019-05-08,-0.00580845796707619,-0.000125782428186838
"1179",2019-05-09,0.000594049769092164,-0.00754591793054549
"1180",2019-05-10,0.0135894502537179,-0.0018140740817093
"1181",2019-05-13,0.00895815579463388,-0.0492878731963086
"1182",2019-05-14,-0.00363228800827964,0.0232442589528472
"1183",2019-05-15,0.0011799301826505,0.00408804281311315
"1184",2019-05-16,0.00526521691801451,0.00204179639632907
"1185",2019-05-17,0.00418638180358211,-0.019254642180376
"1186",2019-05-20,0.00212324318853496,-0.0164837116963189
"1187",2019-05-21,0.00012028867623548,0.0195472527229581
"1188",2019-05-22,0.00541521324010152,-0.0233323744028058
"1189",2019-05-23,0.0055771649069547,-0.0364896655051663
"1190",2019-05-24,0.000404436099195937,0.000997670091641201
"1191",2019-05-28,-0.0175239318678496,-0.00741277288774445
"1192",2019-05-29,-0.00540593533641853,-0.00761802896635078
"1193",2019-05-30,0.00533949340309925,-0.0096474744534617
"1194",2019-05-31,0.0104644036940882,-0.0330652975028463
"1195",2019-06-03,0.010794887354054,0.00660543588922224
"1196",2019-06-04,-0.000398008598177957,0.0461739433588595
"1197",2019-06-05,0.0243634305238223,-0.00927105816306772
"1198",2019-06-06,0.00615907474923705,0.0116259501514488
"1199",2019-06-07,-0.0013142026506372,0.00815799199841383
"1200",2019-06-10,-0.00669995399045009,0.0176532717620783
"1201",2019-06-11,-0.00608854016633054,0.00230685047392121
"1202",2019-06-12,0.00503659397275569,-0.0189125412370266
"1203",2019-06-13,-0.000485748581245948,0.0143774793882223
"1204",2019-06-14,0.00608525161820639,-0.0149659486636152
"1205",2019-06-17,-0.00194716793700889,-0.00394166720532152
"1206",2019-06-18,-0.0036799462663164,0.0300122763815205
"1207",2019-06-19,0.0101147976023097,0.000565003067602543
"1208",2019-06-20,0.00587411640272029,0.0180298436104922
"1209",2019-06-21,-0.000644278614037042,-0.00596433918063199
"1210",2019-06-24,0.00159982230127542,-0.00198077293741805
"1211",2019-06-25,-0.009771791704833,-0.0103124415642616
"1212",2019-06-26,-0.0187609069956999,0.0258105268972539
"1213",2019-06-27,0.00469042216733073,0.00873064530095613
"1214",2019-06-28,0.00336724348894957,0.00918051629574634
"1215",2019-07-01,-0.00075634053600715,0.014246518803575
"1216",2019-07-02,0.0133888217105194,-0.0168689800703016
"1217",2019-07-03,0.013277429527381,0.00196071309220702
"1218",2019-07-05,-0.00269975693240232,0.00153448946279267
"1219",2019-07-08,0.00197068330213601,-0.0107252101184089
"1220",2019-07-09,0.00214160570035027,0.0052501426327165
"1221",2019-07-10,0.00470662162145086,0.0107992421990721
"1222",2019-07-11,-0.00058292907202262,0.000365168420987771
"1223",2019-07-12,-0.00121874396639565,0.0147554289350722
"1224",2019-07-15,0.00335408314974961,-0.0062313345002365
"1225",2019-07-16,-0.00284648380683683,-0.0100974569362757
"1226",2019-07-17,0.00463738179630968,-0.0135517416511074
"1227",2019-07-18,0.00838052195241601,-0.00146124161631533
"1228",2019-07-19,-0.0143091529355753,0.00402317090788706
"1229",2019-07-22,0.000568055448352922,0.00473833562626913
"1230",2019-07-23,-0.000994575288427613,0.0132610147370287
"1231",2019-07-24,-0.00936837608648988,0.0181319222811387
"1232",2019-07-25,-0.000738737196793848,-0.0326273887375845
"1233",2019-07-26,0.0063666326880083,0.00204755487031361
"1234",2019-07-29,0.00347634575685363,-0.00923128531846573
"1235",2019-07-30,-0.00401408893324329,0.00835591344097208
"1236",2019-07-31,-0.00452064698215504,-0.0157719319531646
"1237",2019-08-01,0.0110215809127969,-0.034807846876391
"1238",2019-08-02,0.00205562275269977,-0.0207075127619949
"1239",2019-08-05,-0.0102435520643385,-0.0420871791448603
"1240",2019-08-06,0.0129995525266184,0.00510757396108041
"1241",2019-08-07,0.0106996603083918,-0.0104180026742826
"1242",2019-08-08,0.0102785472017373,0.0370772009714473
"1243",2019-08-09,0.00292078555917064,-0.0356817083407053
"1244",2019-08-12,0.000773356436519101,-0.0229164821901092
"1245",2019-08-13,0.00030345784248742,0.0182954035578189
"1246",2019-08-14,-0.0108592335824528,-0.0511053596958515
"1247",2019-08-15,0.0170268276482735,-0.0115378198182765
"1248",2019-08-16,0.00202666494451886,0.0303720626818991
"1249",2019-08-19,0.00383028740875724,0.0307944860448996
"1250",2019-08-20,-0.00421576989912276,-0.0110201300251044
"1251",2019-08-21,0.00667442490331327,0.00905946508810418
"1252",2019-08-22,0.00496481659699577,-0.00244412929266136
"1253",2019-08-23,-0.00866553466349262,-0.0422882336727815
"1254",2019-08-26,0.0110680174966273,0.00630885157815086
"1255",2019-08-27,0.00421454293695245,-0.0124465193957672
"1256",2019-08-28,-0.000554265765295714,0.0128734253449747
"1257",2019-08-29,0.000264611616756172,0.0247226917347125
"1258",2019-08-30,0.0020985712652215,0.00441550881232344
